Name,Singer
KHÔNG ĐAU NỮA RỒI,"EM XINH SAY HI, 52Hz, Orange, Châu Bùi, Mỹ Mỹ, Pháp Kiều"
HỀ,"EM XINH SAY HI, Phương Mỹ Chi, Phương Ly, Pháo, Chi Xê, WEAN"
FAMOUS,ALLDAY PROJECT
WE BELONG TOGETHER,"EM XINH SAY HI, Miu Lê, Juky San, Dương Domic, Lyly, DANMY"
RED FLAG,"EM XINH SAY HI, Ngô Lan Hương, JSOL, Yeolan, LAMOON, Han Sara"
Còn Yêu Còn Thương Còn Chờ,"Du Uyên, Thưởng"
Tiến Tới Ước Mơ 2 (Vươn Mình Vượt Trội),"SOOBIN, Rhymastic, SlimV"
Outside,Cardi B
Billyeoon Goyangi (Do the Dance),ILLIT
DNA,NICKY
Không Điều Kiện ( unfair ),"Tường Duy, Coldzy"
Lemon Drop,ATEEZ
Killin' It Girl (feat. GloRilla),"J-Hope (BTS), Glorilla"
Ngược Lối,"HuyR, Neko Lê"
Different,LE SSERAFIM
Học Cách Yêu Em,"Phạm Đình Thái Ngân, Lou Hoàng"
Ai Lớn Cũng Phải,CAPTAIN BOY
Bông Hoa Nhài,JustaTee
TỪNG,"EM XINH SAY HI, Lyly, Lâm Bảo Ngọc, Liu Grace, Han Sara, DANMY"
CẦM KỲ THI HOẠ,"EM XINH SAY HI, Bích Phương, Tiên Tiên, Bảo Anh, Phương Mỹ Chi, LAMOON"
RUN,"EM XINH SAY HI, Châu Bùi, 52Hz, LyHan, Yeolan, Ánh Sáng AZA"
EASIER,"EM XINH SAY HI, MAIQUINN, Ngô Lan Hương, Muộii, Đào Tử A1J, Saabirose"
ĐỒNG DAO XINH GÁI,"EM XINH SAY HI, Quỳnh Anh Shyn, Miu Lê, Orange, Vũ Thảo My, Mỹ Mỹ"
EM XINH EM BLING,"EM XINH SAY HI, Pháo, Phương Ly, Juky San, Chi Xê, Hoàng Duyên"
Thiên Mệnh,"Quân A.P, Hải Đăng Doo"
Cà Phê Đắng Cùng Cuốn Tiểu Thuyết,"Xuân Định K.Y, ICM"
Khi 22,"Ricky Star, Blacka"
Chẳng Thể Nhắm Mắt,"Kewtiie, Hùng Huỳnh"
Nhịp Đập Con Tim,Kha
Những Câu Hỏi Lúc Nửa Đêm,"Changg, Trung Trần, NewL"
Trưởng Nữ Chạy Trốn (Vietnamese Concert Edition),Hoàng Thùy Linh
MÊ MUỘI / BÙA MÊ,"Chị Đẹp Đạp Gió Rẽ Sóng, Bùi Lan Hương, JAY CƯƠNG"
FXCK UP THE WORLD,"LISA, Future"
Vui Đét,"CoolKid, RHYDER, BAN, Duy B, TRIX"
Hoa Mặt Trời,Phan Mạnh Quỳnh
beautiful,"SIVAN, demxntia"
Những Kẻ Mộng Mơ,Lâm Bảo Ngọc
CUC HINH,"52Hz, Coldzy"
CATCH ME IF YOU CAN,"ANH TRAI SAY HI, Quang Hùng MasterD, Negav, Công Dương, NICKY"
"Tình Cờ (feat. CHARLES., Brown, KIMLONG & Duy Sơn)","SOOBIN, 16 Typh, Hà Lê, Hà Trần, Lil Wuyn, CHARLES., Brown, Kim Long"
Dừng Yêu (Remix),Myra Trần
Chấp Niệm,Nguyên Hà
Rồi Em Sẽ Gặp Một Chàng Trai Khác,"The Masked Singer, Hippohappy"
Ngập Ngừng,Pay
TOXIC,Đang Cập Nhật
Crush,IVE
The Mountain,Shawn Mendes
Sweet Dreams,Red Velvet
Trăng,"Rio, Nguyễn Trọng Tài"
Bạn Ơi (Original Soundtrack From Lật Mặt 6: Tấm Vé Định Mệnh),Myra Trần
She's So 2,NAM23
Như Lần Đầu,Nguyên Hà
Người Yêu Thơ,"Gin Tuấn Kiệt, Puka"
Vì Gặp Được Em Trong Giấc Mơ,N-JD
LẤY CHỒNG LÀ RAPPER,"Xesi, Ricky Star"
tâm,"Mer, Kriss Ngo"
Gọi Tên Một Nỗi Buồn,Lâm Bảo Ngọc
Nước Hoa,"Kay Trần, Cường Seven, Kiên Ứng, SOOBIN"
HÚT,"ANH TRAI SAY HI, Lou Hoàng, Pháp Kiều, WEAN, Quân A.P, Hải Đăng Doo, Ali Hoàng Dương, NICKY"
Một Cơn Mơ Qua,"Quốc Bảo, Hồ Tiến Đạt"
Ngày Đẹp Trời Để Nói Chia Tay,Lou Hoàng
Lệ Cay 3,Du Thiên
Chúng Ta Làm Bạn Được Không (Winter Version),Thiều Bảo Trâm
Xa Em Vài Hôm,"Isaac, Đạt G"
Đại Minh Tinh,"Văn Mai Hương, Hứa Kim Tuyền"
Anh Sẽ Hát Pop Để Nuôi Em,Haisam
TRỪ,"RAP VIỆT, Dangrangto, VCC Left Hand"
Vương,Siu Black
Ngược Chiều Yêu Thương,"Tú Anh, Nguyễn Hồng Thuận"
Kẻ Phản Bội,"DREAM (Việt Nam), An Trần, leo"
Ý Trời,Hustlang Robber
Đẹp Trai,"gung0cay, Phạm Quốc Thành"
Mamacita,Chase Atlantic
AIRMODE,"Hank, Willistic, KADO"
Chưa Thấy Đâu (lofi Version),RPT TC
Đưa Anh Về,Phan Mạnh Quỳnh
Đừng Vì Buồn Mà Yêu,"ICM, Ari"
Kíu,Karik
Nếu Nói Ra Lời Yêu Ấy (Acoustic Version),Ân Nhi
Vì Si Mê (Remix),Chung Thanh Duy
Khô Cạn Tình Yêu,"Jemy, Imprfct"
Ngồi Nhìn Em Khóc,Sáo
Xích Lại Gần Em,"Đinh Trang, Quỳnh Gai, CM1X"
Về Quê,"Lãng, Đặng Thái Bình, RAP VIỆT"
Hãy Để Anh Yêu Em Lần Nữa (Remix),"Luke D, Orinn"
Tiếc Nuối,"Sean, Darki"
GỬI CHỒNG TƯƠNG LAI,"Trang Pháp, JSOL"
Moonlit Floor (Kiss Me),LISA
HÀNH TRÌNH KHÔNG DỪNG,"RAP VIỆT, MANBO"
Happy Mistake,Lady Gaga
RỨA THÂU,"RAP VIỆT, 7dnight"
Na,HWASA
ĐÓA PHÙ DUNG CUỐI CÙNG,"ANH TRAI SAY HI, Đức Phúc"
TRÓI EM LẠI,"ANH TRAI SAY HI, Quang Hùng MasterD"
QUAY ĐI QUAY LẠI,"HIEUTHUHAI, ANH TRAI SAY HI"
Fadeaway,Young Cocoa
Hừng Đông (In Da Club),Hồ Ngọc Hà
Ngàn Lần Khắc Tên Anh,"Annie, Nguyễn Hồng Thuận"
SOS,"ANH TRAI SAY HI, RHYDER, CAPTAIN BOY, Quang Hùng MasterD, WEAN, Ali Hoàng Dương"
"Quá Khứ Đôi, Hiện Tại Đơn",Đức Phúc
La Bebe (David Guetta Remix),"Yng Lvcas, Peso Pluma, David Guetta"
Cụp Cái Pha Xuống,Willistic
Khi Một Người Bước Ra Khỏi Cuộc Đời Một Người,Trương Thảo Nhi
232 Tuổi (Hoành Tráng Ver.),The Flob
Vô Tree,Keyo
NGÂN NGA,"ANH TRAI SAY HI, Isaac, HURRYKNG, Negav, Gin Tuấn Kiệt, Vũ Thảo My"
Chiếc Khăn Piêu (feat. Đinh Nhật Minh Flute),"Cường Seven, SOOBIN, Tự Long, Tuấn Hưng, Jun Phạm, Thanh Duy, (S)TRONG, Đăng Khôi"
Die With A Smile,"Lady Gaga, Bruno Mars"
You & Me,JENNIE
Home Is Where The Hurt Is,LANY
The Peak,SEKAI NO OWARI
DELRESTO (ECHOES),"Beyoncé, Travis Scott"
Xóa Tên Anh Đi,Jack - J97
Paint The Town Red,Doja Cat
Dance Around It (Joel Corry Vip Mix),"Joel Corry, Caity Baser"
Float (Feat. Seun Kuti & Egypt 80),Janelle Monáe
Anh Sẽ Nhớ Mãi,"Bùi Công Nam, Tăng Phúc, Neko Lê, BB Trần, Thiên Minh"
Pony,Đang Cập Nhật
Jungle,"Alok, The Chainsmokers, Mae Stephens"
Hỏa,"Hoàng Tôn, 16 Typh"
Cupid (Twin Ver.) [Slowed Down Version],Đang Cập Nhật
LOVE YOU!,Đang Cập Nhật
Moonlight Sunrise,TWICE
Hero,"Martin Garrix, JVKE"
Unhealthy (Acoustic),Anne-Marie
Rodeo Remix (Feat. Flo Milli) [slowed + Reverb],Lah Pat
Phù Hộ Cho Con,"24k.Right, B Ray, Dick, Hipz"
Eyes On You (มองนานๆ),"Vitamin A - FLI:P, Hải Đăng Doo, Kelvin- Kesley Alves"
Crush (Explicit),"Bella Poarch, Lauv"
Call On Me,Bebe Rexha
Don't Say Love,Leigh-Anne
UNHEALTHY,"Anne-Marie, Shania Twain"
Satisfaction,Darin
Voices (Feat. Oliver Tree),KSI
Vẫn,"24k.Right, Hipz, Huỳnh Tú"
Butterflies,Stray Kids
MỘNG YU,"AMEE, MCK"
Oh U Went (Explicit),"Young Thug, Drake"
Mirage (For Assassin's Creed Mirage),"OneRepublic, Assassin's Creed, Mishaal Tamer"
Can’t Forget You,"James Carter, Ofenbach"
Ngày Em Nói,T.R.I
Break My Soul (The Queens Remix),"Beyoncé, Madonna"
Be Who You Are (Real Magic),"Jon Batiste, JID, NewJeans, Camilo"
Tip Toe,HYBS
Pandora,MAVE:
id thang máy,"W/n, 267"
WOMAN’S WORLD,Katy Perry
Dìu Em Lên Mây,"Only C, Nguyễn Phúc Thiện"
Hỏa Ca,Call Me By Fire - Anh Trai Vượt Ngàn Chông Gai 2024
SÓNG VỖ VỠ BỜ,"ANH TRAI SAY HI, Anh Tú, JSOL, ERIK, Dương Domic, Phạm Anh Duy"
‘anhduong’ (feat. Ninh Dương Story),Lâm Phúc
BUSINESS MODE,"$A Milo, Gxxfy, Obito, B-Wine"
"You're On Your Own, Kid",Taylor Swift
One More Time,Mahiru Coda
Bất Nhiễm / 不染 (Hương Mật Tựa Khói Sương OST),Mao Bất Dịch (Mao Bu Yi)
Anh Cũng Muốn Là Đứa Trẻ,Khiem
Biết Nhưng Cố Vấn,Đang Cập Nhật
Nukumori,Takaya Kawasaki
06 Gucci (Feat. Dababy & 21 Savage),Đang Cập Nhật
Until I Found You,Stephen Sanchez
Acróstico (Milan Y Sasha),Shakira
Death,Melanie Martinez
ĐỜI THẬT RAP THẬT,16 Typh
Nếu Anh Chẳng Còn Thức Dậy,Nguyenn
Hold On Tight,aespa
Tỉnh Thức Sau Giấc Ngủ Đông,"Bằng Kiều, Binz, Hồng Sơn, S.T Sơn Thạch"
If I Ain'T Got You (Orchestral),"Alicia Keys, Queen Charlotte's Global Orchestra"
Set Me Free,TWICE
Tình Như Trò Chơi,thaison!
Juliet,AleXa
Eyes Closed (Overmono Remix),Ed Sheeran
Hắc Nguyệt Quang / 黑月光 (Trường Nguyệt Tẫn Minh OST),"Trương Bích Thần (Zhang Bi Chen), Mao Bất Dịch (Mao Bu Yi)"
Moon Cycle,Melanie Martinez
Từ Từ Phải Bình Tĩnh,GreenD
Kết Thúc Mở,Vương Anh Tú
HÀO QUANG,"RHYDER, Dương Domic, Pháp Kiều, ANH TRAI SAY HI"
Chúng Ta Bấy Lâu Nay Là…  (Live Session),"Phạm Quỳnh Anh, Trung Quân"
IF U KNOW U KNOW,"RPT TC, Kriss Ngo"
Dum Dum,Jeff Satur
Get To Gettin’ Gone,Bailey Zimmerman
Must Be Nice,Ruel
A Year Ago,James Arthur
Hoo Whee Hoo,Đang Cập Nhật
Mê Trận Lắm Lối,"Mai Xuân Thứ, COCHA"
Ô Hay,"Hải Yến Idol, Vũ Đặng Quốc Việt"
Còn Thương Thì Không Để Em Khóc (Live),Đang Cập Nhật
Gonna Be You,"Linh Ka, Will"
Chi Con Trong Giac Mo,"Min Min, Lemese"
Lấy Tên Anh,"RPT TC,"
Đừng Giận Anh Em Nhé (From Dickson Acoustic),DICKSON
Miracle,"Calvin Harris, Ellie Goulding"
Lay Low (Nick Strand X Mio Remix),Tiesto
What If Love,UP10TION
Me,Kelly Clarkson
Say Yes To Heaven,Lana Del Rey
Ở Lại,"Dick, Bí Nhe"
Để Mua Cho Em Một Đóa Hoa Hồng Xinh (Yêu Xa),dNam
Hoa Hồng Gai…y!,"Pháp Kiều, RAP VIỆT"
Dạo Chơi,gung0cay
Nếu Em Được Lựa Chọn,Phượng Vũ
Ước Mơ Của Mẹ,Soái Nhi
Níu Duyên (TiJak Remix),"Lê Bảo Bình, TiJak"
em khiến anh muốn trở thành người Hà Nội,Negav
Mùa Hè Năm Ấy,"MiiNa (DREAMeR), DREAMeR"
Anh Đã Từng,"FSRio, 2Hoang"
Khu Vườn Nhà Thơ,Góp Thong Thả
Lao Tâm Khổ Tứ,Thanh Hưng
Vội Vàng,dNam
I Like Me Better Now,Kim Chi Sun
Love War,"YENA, BE'O"
Flare,Hensonn
pompara’e,Jevin Julian
Cô Đơn,"Hngle, Niz, Ari"
Mai Ta Gặp Lại,WHEE!
That’s Not How This Works,"Charlie Puth, Dan + Shay"
11:11 (11 Giờ 11 Phút),"MiiNa (DREAMeR), RIN9, Bảo Uyên, DREAMeR"
Không Yêu Trả Dép Tôi Về,HuyR
Càng Yêu Càng Sai,Thanh Hà
Womxnly,From The First Take - Thái Y Lâm (Jolin Tsai)
Vega,Ed Sheeran
立夏时年青,Trạch Tiêu Văn (Zhai Xiao Wen)
Lay Low,Katy B
Miracle (Hardwell Remix),"Calvin Harris, Ellie Goulding"
Fly Girl,"FLO, Missy Elliott"
The Day That I Met You,Matilda Mann
Set Me Free Pt.2,Jimin (BTS)
Roar,Đang Cập Nhật
I Hate You When You're Drunk,Đang Cập Nhật
Don't Leave Me Lonely,"Clean Bandit, Elley Duhe"
Chiều Hôm Ấy,"Trần Nghĩa, Vũ Đặng Quốc Việt"
Mưa Trong Lòng,"Tùng Maru, Vũ Phụng Tiên"
Spit In My Face!,ThxSoMch
Koigoromo,Arcana Project
Haven'T You Ever Been In Love Before?,Lewis Capaldi
Lipstick Lover,Janelle Monáe
Timeless (Feat. Dj Spinking) [sped Up Version],"A Boogie Wit Da Hoodie, sped up nightcore"
Piss Off / 好了啦,GBOYSWAG
Sakurausagi (2023),Takaya Kawasaki
Take Two,BTS (Bangtan Boys)
Searching For Sugar Man (Feat. Young Hysan),Phùng Duẫn Khiêm (Jay Fung)
Mất anh em tìm lại thấy chính mình,Lưu Hương Giang
Praising You (Jodie Harsh Remix),"Rita Ora, Fatboy Slim"
Yandel 150,Đang Cập Nhật
Lavender Haze (Explicit),Taylor Swift
Merry Christmas Darling,Lennon Stella
Shut Down,BLACKPINK
Bigger Than Me,Louis Tomlinson
Without You,Đang Cập Nhật
We’ll Never Change,TXT (TOMORROW X TOGETHER)
People (Sped Up),"Libianca, sped up + slowed"
Heartbreaker,Birdy
Self,portrait (Alex Chapman Remix) - Talia Mar
Karma (Explicit),"Taylor Swift, Ice Spice"
Kimi No Bouken,okazakitaiiku
Married Young,Jake Scott
End Of Youth,Ed Sheeran
Eat The Acid,Kesha
Upside Down (Feat. Poppy Baskcomb),Meduza
Zero,NewJeans
Lights Out,"SUNMI, BE'O"
I Don't Wanna Be Like You (Explicit),Ruel
Empty House,GANGGA
10:35,"Tiesto, Tate McRae"
Nonsense,Sabrina Carpenter
Gimme,"Sam Smith, Koffee, Jessie Reyez"
Don'T Cry For Me (Darkchild Film Version),Whitney Houston
Sittin' On Top Of The World (Feat. 21 Savage),Burna Boy
Lucid (English Version),Jeff Satur
World Class Sinner / I’m A Freak,Lily-Rose Depp
對我上膛,乃思婷
Magic,Flumpool
Part Of Your World (Reprise) (The Little Mermaid 2023 Ost),Đang Cập Nhật
Dance The Night (From Barbie The Album),Dua Lipa
Ngỏ Lời,Đang Cập Nhật
Rolling,"Richie D. ICY, AXTROBOY"
Anh Đánh Rơi Người Yêu Này,"Andiez, AMEE"
Runaway,OneRepublic
No More Sad Songs,Đang Cập Nhật
U R My TOBACCO,Shawn
How Much I Miss You,Thời Đại Thiếu Niên Đoàn (TNT)
Just Relax,Lola Brooke
Green (Feat. Soovi),Bang Yongguk
Before Midnight,Parc Jae Jung
Naked,"Richie D. ICY, Gill, Blacka"
Chỉ Khi Anh Một Mình (Livestage),Đạt G
Fallin’,"Feliks Alvin, Linh"
Bud,Park Hyungsik
Inhale / Exhale (With Sabrina Claudio),Đang Cập Nhật
Witch,TRI.BE
Kitsch,IVE
Fight The Feeling,Rod Wave
I Wanna Live Forever,Đang Cập Nhật
Chico Malo,Đang Cập Nhật
Lost,Linkin Park
Beso,"Rosalía, Rauw Alejandro"
Đã Từng,"VSOUL, tlinh"
Buồn Cũ Chiều Thu,"Anh Khoa, Rum"
Ngày Biệt Ly (Losing),Quang Hùng MasterD
Mùi Hoa Sữa,Lemon Climb
Con Chim Phiêu Diêu,Hali
Môi Chạm Môi,KayZ
Anh Sẽ Cố Quên,Hà Huy Hiếu
Nửa Đêm Về Nhà,"14 Casper, Bon Nghiêm"
Meet You At The Right Time,Avi
Missin U,Tori Kelly
Always With You,Đang Cập Nhật
Jaded (Explicit),Miley Cyrus
Chỉ Còn Lại Khoảng Trống,Huỳnh Tú
Hình Trái Tim,Đang Cập Nhật
Just Believe,MTV Band
Độc Nhất,Đang Cập Nhật
Rời Xa Để Quên Em,Hà Huy Hiếu
Minh Ơi,Đoàn Thúy Trang
Together We Fly (Wind.P Remix),Thảo Trang
Both Of Us,Mimi Webb
"Young, Dumb, Stupid",NMIXX
I ≠ Doll,HUH YUNJIN
Tqg,"Karol G, Shakira"
ch!ll (chill nặng luôn),"festo, Ók’ssTT0, LeHai"
I'm Not Here To Make Friends,"Sam Smith, Calvin Harris, Jessie Reyez"
VIBE,"Taeyang, Jimin (BTS)"
"Closer (with Paul Blanco, Mahalia)","RM (BTS), Paul Blanco, Mahalia"
Radio,"Sigala, MNEK"
The Christmas Sweater,Michael Buble
Avo Toast,Clinton Kane
Walking In The Air,Birdy
Skinny Ape,Gorillaz
Set For Life,Noah Cyrus
Have Yourself A Merry Little Christmas,Birdy
Yêu,7UPPERCUTS
anh noi roi ma,"Par SG, NÂN"
Mẹ Yêu,Đang Cập Nhật
When I Move,KARA
Fire Boy,PP Krit
Boy Bi,Mad Tsai
Bad Boy (Feat. Big Naughty),Mirani
I'M THAT BITCH,"BiA, Timbaland"
SAD B!TCH (IVY Remix),Anne-Marie
Bang Bang!,Nessa Barrett
Love’s Train,"Bruno Mars, Anderson .Paak, Silk Sonic"
BAD B,"ShanHao, $A Milo, Gxxfy"
Hay là ...,Tô Ra
Chê Hộ,"Wxrdie, Gill, Lucin3x"
ỐI DỒI ÔI,"Andiez, Phu Nho"
Have Yourself A Merry Little Christmas,Clinton Kane
Idol / アイドル,YOASOBI
Waiting For You,Tiêu Kính Đằng (Jam Hsiao)
Smile Agenai,Ano
BIBI Vengeance (feat. Baby Tate) [Remix],"BIBI, Princesa Alba"
Alright,"Sam Fischer, Meghan Trainor"
Matsuri,Fujii Kaze
Still Here,slchld
It'S Ok!,corook
Double Fantasy,"The Weeknd, Future"
It's Your Turn (Feat. Futuristic Swaver),JAEHA
One Second (With Kim Suyoung),Đang Cập Nhật
Steal The Show,"SHAUN, Jeff Satur"
Teddy Bear,STAYC
King Snipe,Đang Cập Nhật
You're Here With Rain (With Chamsom),Saevom
12% (Original Soundtrack “12%”),Wan Thanakrit
Creepin',"Metro Boomin, The Weeknd, 21 Savage"
Lời Mời Gọi,"RPT JasonDilla, Kiểm"
Big Energy (Remix),"Latto, Mariah Carey, DJ Khaled"
Another Nasty Song,Latto
Worst Day (Stripped Version),"ILLENIUM, MAX"
OMG,NewJeans
If You'Re Blue,"Joan Jett, The Blackhearts"
Middle Ground,Đang Cập Nhật
Vacation Eyes,Đang Cập Nhật
Thất Ước Của Anh,"Ngân Nara, Phan Âu Nhựt"
Yaochen,Diêu Sâm (Yao Chen)
Shoong!,"Taeyang, LISA"
Cyber Crush (Extended Version),"Lục Huy, Daduc"
Like This Like That,"Tóc Tiên, tlinh"
Dawn,Kim Woo Seok
Good Friends,Maren Morris
Home And Dry,Andy Love
Tung Hoành Vũ Trụ / 纵横宇宙 (Spider,man: Across The Spider-verse OST) - Lộc Hàm (Lu Han)
"Shakira: Bzrp Music Sessions, Vol. 53","Bizarrap, Shakira"
Back To You,Karen Harding
Sleepwalking,All Time Low
Ordinary World,Adam Lambert
Chẳng Biết Do Ai,"SuperC, Halee, datfitzx"
Mùa Hè Tuyệt Vời (Lalawonder),Đức Phúc
Mộng Uyên Ương Hồ Điệp,Đang Cập Nhật
ÁNH HÀO QUANG,Ưng Hoàng Phúc
Sao Chẳng Nói Chia Tay,Bozitt
Thật Lòng Xin Lỗi Em,Phạm Khánh Hưng
Cà Phê,Đang Cập Nhật
Ku Lo Sa,"Oxlade, Camila Cabello"
Gambler (7 Version),Madonna
Puffin On Zootiez (Explicit),Future
Die For You,Joji
Left And Right,"Charlie Puth, Jung Kook (BTS)"
KHÔNG CÒN AI,"Krix, t h a n h"
Anh Thì Nah,52Hz
Tình Yêu Khủng Long (TiJak City Pop Remix),"FAY, TiJak"
"7 Tỷ Người, Tìm Thấy Anh Rồi",Trương Quỳnh Anh
chi la tam thoi,Par SG
Tình Em Là Đại Dương,"Cầm, Duy Mạnh"
Nếu Anh Muốn Đổi Vai (Rap Version),"UMIE, Lil Tian, Hổ"
Có Một Ngày Trời Không Nắng,Thái Đinh
Hồi Kết (Live At I See You Concert),Hà Nhi
Mắt Xanh,"Gill, tlinh, Kewtiie"
Mưa Ơi Đừng Rơi (Meomeo Vesion),"Cầm, WOKEUP"
Có Duyên Không Phận,Chilly
Tình Yêu Một Chiều,"Min Min, Chú Gián Nhỏ"
dỗi ít thôi ôm đê (ShenlongZ Remix),"Phúc Du, AMEE"
You're Mine,"Kiper T, Nart"
Dù Khóc Một Dòng Sông,"Mai Tiến Dũng, Thuỳ Chi"
Bóng Rổ,"gung0cay, Kriss Ngo"
Model,VSOUL
Làm sao để quên anh,The Sheep
Sợ Ta Mất Nhau (Vux Lofi),"Châu Khải Phong, ACV"
Vàng Bạc Châu Báu,VP Bá Vương
Go (Piano Version),Cat Burns
I Want To,Gram
GOTTA GO,DUCCI
Dientes,"J Balvin, Usher, DJ Khaled"
Fairweather Friends,Oliver Tree
Fake As Hell (with Avril Lavigne),All Time Low
Cà Phê (Sped Up Version),Đang Cập Nhật
Demons,Doja Cat
Cheese,CRAVITY
Panorama,Đang Cập Nhật
Notes From A Wrist,d4vd
Old Habits,"hongjoin, Marian Carmel"
The Flash,Đang Cập Nhật
Con Hơn Cha Là Nhà Có Phúc,"Hải Đăng Doo, Weeza"
Luôn Yêu Đời (Remix),"Đen, Cheng, Low G"
Yêu Nhau Bao Lâu?,Simon C
Kiss You (Speed Up Version),"Quỳnh Ori, SanV"
Lấy Tên Anh,"RPT TC, TDO Kwan"
Never Grow Up,Niall Horan
Hollywood Bowl,Đang Cập Nhật
Cowboys And Angels (Explicit),Jessie Murph
Show Me How,Foo Fighters
Mourning,Post Malone
không biết nên vui hay buồn,"Bảo Anh, Kai Đinh, Táo"
Switch Position,"prettyXIX, Trungng"
Em Với Anh,"Catchellers, Huy Vũ"
Trôi Như Cơn Mơ,"CHICHA22, Kim Chi Sun, CHARLES."
American Jesus (Demo),Nessa Barrett
Do U Want Me Baby? (Sam Ryder Acoustic),"Joel Corry, Billen Ted"
Seed,Taeyang
Never Felt So Alone,Labrinth
You Just Walked In My Life,Chanmina
Slow Motion,"Don Toliver, WizKid"
Saturday/Sunday,"Jason Derulo, David Guetta"
Made You Look,"Meghan Trainor, Kim Petras"
About You,Jessie Murph
Gold,LOI
Flowers,Miley Cyrus
Big world,Đang Cập Nhật
Bad Habit (Explicit),Steve Lacy
Dark Enough To See The Stars,Weezer
Summer Too Hot,Chris Brown
Ai No Hana,Aimyon
I Want To Be (Xin Hãy Trở Thành Người Nhà Của Tôi OST),Trịnh Tưu Hoằng (Jade Cheng)
I Love You,Nako Misaki
Bloody Mary,Lady Gaga
Siêu Nhân Không Áo Choàng,"Trúc Nhân, Nguyễn Hồng Thuận"
Lan Man,Ronboogz
Lửng Lơ (Deep House),"Masew, B Ray, REDT, Ý Tiên"
Greenlight,Hayley Kiyoko
MIDNIGHT SKY,Xodiac
Thirsty,aespa
Pancakes & Butter,Jason Mraz
U,Đang Cập Nhật
Verano,"Blessd, Rvssian"
That’s Not How This Works (Sabrina’s Version),"Charlie Puth, Dan + Shay, Sabrina Carpenter"
Kill Bill,"SZA, Doja Cat"
OVER LOVING YOU,Đang Cập Nhật
Cứ Đi Và Yêu,Đang Cập Nhật
Ghé Vào Tai,"UMIE, Freaky, Hổ"
Kill Bill,Acoustic Hearts
Trustfall (Drove Remix),P!nk
Sweet Goodbye (Slvr Remix),Robin Schulz
Thanh Xuân Vô Dạng / 青春无恙 (Đường Về Nhà Ost),Đàm Tùng Vận (Seven Tan)
Paradise,NiziU
Problem,Diêu Sâm (Yao Chen)
"Hey, Mickey!","Baby Tate, Saweetie"
Ngập Ngừng,"Winno, Hustlang Heily"
Đứa Con Hư (Remix),"Sofia, Nguyễn Hồng Thuận"
Mùa Gió Cũ,"Trung Quân, Vũ Đặng Quốc Việt"
Nơi Xứ Người Nhớ Ba Mẹ,Trung Tự
Say Đêm Nay,Đào Ngọc Sang
Yêu Thương Hay Là Nhớ,MTV Band
0 Phải Hôm Nay,"QNT, HuyR"
You Might Like It,Jason Mraz
Drowning,"Bobby,"
Forever,Dew
C’est Comme Ça,Paramore
Feather (Explicit),Sabrina Carpenter
BGVB (Bỏ Giấy Vào Bao),"Sol7, Yuno, DCOD"
Về Lúc Tàn Đông,TRUNG
Hoa Nở Không Màu (TiJak Remix),"Hoài Lâm, TiJak"
yêu anh đi mẹ anh bán bánh mì (TikTok Remix),Đang Cập Nhật
Bệnh Của Anh,"Khói, Two"
Mr. Kim,"Rhymastic, SOOBIN"
Đã Bao Lâu,Đang Cập Nhật
Biết Yêu Thật Nhiều,"Sean, Lemese"
Chân Đất,"buitruonglinh, Baby Sam, Vine"
Vaicaunoicokhiennguoithaydoi,"GREY D, tlinh"
Thay Tâm Đổi Lòng,Vương Anh Tú
Thanh Xuân Có Nhau,"Sean, Freaky"
Sunny Love,"Kinnie, TKA"
tỉnh thức sau giấc ngủ đông (storm version),"GREY D, B Ray"
Sóng Cả Không Ngã Tay Chèo,"TIA, CM1X"
Hai Lần Mất Em,Cassano
Happy Birthday,Đang Cập Nhật
Rê NDM,"Wtran, Cà Nâu"
vaicaunoicokhiennguoithaydoi (storm version),"GREY D, tlinh, 2pillz"
Vẫn Mãi Yêu Một Người,Đàm Vĩnh Hưng
Trên Chuyến Bay,"Hustlang Robber, HSYBF.Luci"
Chớ Để Ngày Mai,"Roy Nguyễn, Khánh Vân"
Burning Up (7 Edit),Madonna
Bạn Ơi (Original Soundtrack From Lật Mặt 6: Tấm Vé Định Mệnh Rock Version),Myra Trần
Cưa Được Em Rồi,Weeza
Bite,24KGoldn
Shut Me Up,Nicky Youre
SOKAY (Prod. by DJ TZO),"Khác Họ Records, LNGY, X2C, TraceD"
All Comes Back To You,Ali Gatie
Sundance Freestyle,Rich Brian
Cold As Ice,Ava Max
F64,Ed Sheeran
Postcard (Worktape),Corey Kent
Take Me Home,PinkPantheress
Rất Buồn (TiJak Remix),"Hoài Lâm, TiJak"
Không Chờ Đợi Nữa (Live Version),Khải
Tình Bằng Không,Đang Cập Nhật
Không Yêu Xin Đừng Nói (Piano Version),Đang Cập Nhật
Gingerbread Man,Melanie Martinez
La Jumpa,Đang Cập Nhật
Yummy,INNA
Bag Of You,Mahalia
As It Was,Harry Styles
(Christmas) Baby Please Come Home,"Cain, Ben Fuller"
Last Scene,Đang Cập Nhật
LOAY HOAY,"Fiu, MTK"
Cô Thợ May,Đào Dương Công Toại
Ánh Trăng Tình Ái (Chill Out Live Session),Dương Edward
Fall In Love Alone,Stacey Ryan
"Sex, Drugs, Etc.",Beach Weather
Dolls,Bella Poarch
Con Ơi Về Nhà,Trương Thảo Nhi
Blades,Đang Cập Nhật
Paxxworld,Đang Cập Nhật
In The Morning,"Imanbek, Trevor Daniel"
Chuckle (Feat. Kwaii),Conda
2 Be Loved (Am I Ready),Lizzo
You Are Not Alone,Tom Grennan
Girls Talk,Tegan And Sara
Star Mine / スターマイン,Đang Cập Nhật
KNOCK,LEE CHAE YEON
Hard,SHINee
Listen,Ozone
ได้โปรดอย่าพึ่งเดินจากไป,Web
Alone,"Kim Petras, Nicki Minaj"
Safe & Sound (Taylor's Version),"Taylor Swift, Joy Williams, John Paul White"
Khúc Tình Nồng,Phượng Vũ
All Of The Girls You Loved Before,Taylor Swift
everybody hates me (Explicit),GAYLE
Life In A Locker,"Powfu, Jomie, Skinny Atlas"
Even Without Me Asking How You Are,이효리
Holding Out For A Hero,Adam Lambert
All By Myself (Paul Woolford Remix),"Alok, Sigala, Ellie Goulding"
Only Love Can Save Us Now (Explicit),Kesha
Only Girl,Stephen Sanchez
Just Like You,Simply Red
Eyes Closed (Piano Version),Ed Sheeran
Anh Chẳng Quan Tâm Em Nữa Rồi,"VAnh, Phạm Nguyên Ngọc, BMZ"
Trộm Đào,Uyên Pím
Chúc Tết Mọi Nhà (Gala Nhạc Việt 9),"Hồ Ngọc Hà, Noo Phước Thịnh"
Vị buồn,Pink Frog
All Nighter,Tiesto
Move,Idina Menzel
KHÔNG QUAY ĐẦU (Rap Version),"Ưng Hoàng Phúc, Sol7"
Người Ôm Pháo Hoa,Đông Nhi
Void,Melanie Martinez
9 8 7 (Piano Version),T.R.I
Trước Khi Con,Inter RON
I See The Star Shining Down On Me,"VCC Left Hand, Dustin Ngo, Iceboi"
NOT SAY BYE,Rickie
Thổ Cypher,"Kimmese, 16 Typh"
XIN NGƯỜI CHỚ ĐỪNG,Xesi
Từng Phím Đàn,King B
Mañana Será Bonito,"Karol G, Carla Morrison"
River,Miley Cyrus
Way Back,"Skrillex, PinkPantheress, Trippie Redd"
Chơi Như Tụi Mỹ,Andree Right Hand
Quest For Hope (Joe Stone Remix),Tiêu Kính Đằng (Jam Hsiao)
Wherever You Go,"Alok, John Martin"
Đón Em Về,Masta Trippy
Phiêu Nhịp Thở,Đang Cập Nhật
Đến Đón Em Đi Chơi Đi Anh,"Cầm, Duy Mạnh"
Độ Đúng Đời,Thiện Hưng
Qua Cầu Gió Bay (Remake),Đang Cập Nhật
Hướng Dương Và Đôi Mắt Em,Uyenn
ghệ iu dấu của em ơi,"tlinh, 2pillz, WOKEUP"
Thôi Tìm Nhau,"Hoàng KayLee, Dilo"
Ai Đưa Em Về (The Heroes Version),"TIA, CM1X"
Khoảng Cách Chúng Ta Là 1CM (The Heroes 2022 Dance Performance Version),Roy Nguyễn
Đi Cà Phê (prod. by Dai Ca P),CAM
Awakenings,Meditative Club
Lãng Du,"Lãng, MC 12"
Instagram,"Cami, COBRA (Việt Nam)"
Bồng Bềnh,Tóc Tiên
Feel The Danger,"Double 2, TQlerz"
Thương Em Mạnh Mẽ,Vy Dương
Crowd,"RPT TC, Coldzy, TDO Kwan"
Những Hy Vọng Lạc Lối,Khiem
Rồi Sẽ Đến Nơi (Prod. SUNI),JUUN D
Strung Out Johnny,Iggy Pop
I Get High (Feat. Joy Oladokun),Jordy
I Can’t Wait,"Tiesto, Solardo"
Niệm Khúc Cuối (Live At I See You Concert),Hà Nhi
Ngồi Đi,ICD
Tự Nhiên Bị Thôi Miên,"Thảo Phạm, DT Tập Rap, Rum"
Nobody Gets Me (Explicit),SZA
MASH,UP: Nhớ người hay nhớ...Là do em xui thôi - Sofia
Everything'S Electric,Liam Gallagher
LOVE FIRE,CRAVITY
Natsuake,WANIMA
Robo,SEKAI NO OWARI
Get A Guitar,RIIZE
life with u,lullaboy
"Anh Đã Yên Bình, Tôi Biết Thương Mình",Phạm Quỳnh Anh
Yêu Thì Sao,Dee Trần
Quên Em Đi (Vux Lofi),"VIET., ACV"
Sóng,"CAM, Black Po"
Ta Sẽ Mãi Là,SimonC
Give You Love (Feat. Jason Derulo),Jessica Mauboy
Can't Go Yet,Đang Cập Nhật
Có Chi Đâu Mà Buồn (Lofi Version),Phát Huy T4
A Beautiful Game,Ed Sheeran
Popular,"The Weeknd, Playboi Carti, Madonna"
Glad U Came (Sped Up Version),"Jason Derulo, sped up nightcore"
Giá Như Đừng Nói Giá Như,Yến Lê
Thảnh Thơi,"NGHIEM, Bingbang, Linh"
Trên Những Đám Mây,Chillies
Trèo Cao Ngã Đau (Chị Chị Em Em 2 Original Soundtrack),Minh Hằng
Click,Girls2
El Plan,Sebastian Llosa
Religiously,Bailey Zimmerman
Give It To Me,Miguel
Fighting Myself,Linkin Park
Lavender Haze (Acoustic Version),Đang Cập Nhật
นาย (Hey Dude),Stamp
Ice Cream Man.,Đang Cập Nhật
Beautiful Liar,Đang Cập Nhật
Not Dark Yet (Version 1),Bob Dylan
Tell Me Why,Panini Brunch
Sunshine,Oliver Tree
Something In The Orange (Live),Zach Bryan
You Only Want Me,Mark Owen
Hada,DADARAY
Lie,Nessa Barrett
0800 HEAVEN,"Nathan Dawe, Joel Corry, Ella Henderson"
Link Up (Spider,"verse Remix (Spider-man: Across The Spider-verse )) - Metro Boomin, Don Toliver, WizKid, Beam, Toian"
Trăm Ngàn Lời Thương,"Thuỳ Chi, Ricky Star"
Chinatown Love,Pong Nan
มองนานๆ,FLI:P
LIMBO (Sped Up),keshi
Tqum,"Sofia Reyes, Danna Paola"
WAVE,IVE
Shh,PENTAGON
Left Right Remixx,"XG, Ciara, Jackson Wang (Vương Gia Nhĩ)"
Miracle,Oh My Girl
Princess Diana (Explicit),"Ice Spice, Nicki Minaj"
Waffle House,Đang Cập Nhật
Đông Nhớ Hạ,"việt quất, bá, quốc, mai ân"
CIRCLE,Zxdiac
Nikes (Angelplaya Remix),"Joel Corry, Ron Carroll"
Untitled (Marry My Dead BodyTheme Song),Thái Y Lâm (Jolin Tsai)
SHOOTING STAR (BARS REMIXX FEAT. RICO NASTY),XG
Lady,Kenshi Yonezu
Chanel,"Becky G, Peso Pluma"
Candy Necklace,"Lana Del Rey, Jon Batiste"
Like Crazy (English Version),Jimin (BTS)
Face,off - Jimin (BTS)
Hẹn Gặp Anh,Hoàng Yến Chibi
Rê Giáng,"Diệu Hoàng, DeeVo"
Melted,T00n
Si,WHEE!
Giấc Mơ Khác,Chillies
Dum Dum (English Version),Jeff Satur
The Hard Way,"PNAU, Khalid"
Love You Anyway,Luke Combs
drunk text,Henry Moodie
Action,Cozi
One Of Us,Ava Max
Có Nhiều Đêm Anh Buồn,"Hustlang Robber, Hustlang Heily"
Bình Thường,Đang Cập Nhật
Giận Hờn Không Vui,"Nguyễn Hữu Kha, LeNham"
Không Yêu Anh Đâu,"Trang Hàn, MTK"
Memory,"Catchellers, MiQ"
Đan Lấy Em,Lil Zpoet
Đợi Chờ Đừng Cáu,"Phan Mạnh Quỳnh, Hoàng Thùy Linh"
Realz Con Nhà Người Ta,"7UPPERCUTS, Chi Xê"
Cưới Em Về Anh Còn Yêu Em Không?,"Khánh Thi, Phan Hiển, Bùi Công Nam"
Giá Như Anh Ở Đây,"Willistic, Cầm"
MIXTAPE Trịnh Thăng Bình 2022,Trịnh Thăng Bình
Em Về Tinh Khôi (25th Làn Sóng Xanh),"AMEE, GREY D, Hoàng Dũng"
Vợ Nhặt,Thai Son
I'm Sorry Babe,"(S)TRONG, MAYonair"
Em Là Coffee,Juky San
Chuyến Xe,"Phan Mạnh Quỳnh, Orange"
Body Shaming,Cà Nâu
First Sight Never Sai (TiJak Remix),"LuvLike, TiJak"
Tình Ka 1111,"Finn, Hail"
1 Phút,h0n
Có Ai Đợi Anh Đâu,Vương Anh Tú
Tươi Không Cần Tưới,"Orange,"
Gone Girl,SZA
Hideaway (Studio Version),Brett Eldredge
để tôi ôm em bằng giai điệu này,"Kai Đinh, MIN, GREY D"
Have Yourself A Merry Little Christmas,Craig David
A Poca Luz,3AM
Child (Under The Queen's Umbrella Ost ),Đang Cập Nhật
Ftcu,"Latto, Glorilla, Gangsta Boo"
Lil Mama,2rare
Glimpse Of Us,Joji
Angel,Jimi Hendrix and ZAYN
Thèm Được Về Nhà,"Tăng Phúc, Trương Thảo Nhi"
Bad Habit,Steve Lacy
"Chào Nhé, Đoạn Buồn Của Tôi","Võ Lê Vy, Nguyễn Duy Thanh"
Still U,"Feliks Alvin, Howdy"
Backburner,NIKI
Body Do,Chlöe
Here We Go Again,"Oliver Tree, David Guetta"
Miss You (Restricted Remix),Oliver Tree
Kill Me,Alok
Que Sera Sera,Mrs. GREEN APPLE
You Only Love Me (Shift K3y Remix),Rita Ora
Despechá,Rosalía
Barbie World (From Barbie The Album) [Explicit],"Nicki Minaj, Ice Spice, Aqua"
LIPMARK,"M NAIVE, Liu Grace"
Hôn Anh Đi (Sped Up),Hoāng
Tình Yêu Đến Sau,"Myra Trần, Đức Phúc"
Kizuna No Kiseki (Kimetsu No Yaiba: Katanakaji No Sato,"hen Opening) - Man With A Mission, Milet"
Fool 4 U,Đang Cập Nhật
Nữ Tướng / 女将,A Yue Yue
Fighter (Taxi Driver Season 2 Ost),Đang Cập Nhật
Sonna Bitter Na Hanashi,Vaundy
Never Leave,Bailey Zimmerman
Mother (Explicit),Meghan Trainor
This Is Why,Paramore
Work With My Love,"Alok, James Arthur"
Runaway,KIMDA
No Place To Hide,Car The Garden
Candy,NCT DREAM
Space Science,Yukika
Ay Dios,CNCO
Maybe Next Time,Jamie Miller
要和你在一起,Bạch Tiểu Bạch
I Don'T Miss You,JP Saxe
Maze,Taisei Miyakawa
Chuyện Chúng Ta Sau Này,Hải Đăng Doo
Tulsa,Elle King
Ân Sủng / 恩宠 (Thượng Quốc Phú OST),胡文煊
WHAT THE HELL ARE WE DYING FOR ?,Đang Cập Nhật
VULGAR (Explicit),"Sam Smith, Madonna"
I Hate Love (Feat. Steve Martin),Kelly Clarkson
Boy's A Liar Pt. 2,"PinkPantheress, Ice Spice"
Mr. Everything,Billkin
Red Scarf,"From The First Take - WeiBird, Vi Lễ An (William Wei)"
Superstar,Darin
Checkers,"24KGoldn, Bandmanrill"
Gối Đầu (nhưng Chậm Hơn),KoQuet
Nếu Đánh Mất Em,Reddy (Hữu Duy)
Kill Bill,SZA
Be Around Me,PARKJIWOO
Messy In Heaven,"venbee, goddard."
Yêu Em Dài Lâu,Chuyện Rằng (Live in Giao Lộ Thời Gian) - Thịnh Suy
Algarete,Natti Natasha
Eyes Closed,Ed Sheeran
Hug Me Tight,BLOO
Balut,Doja Cat
Specialz,King Gnu
Thời Tiết Rất Lạnh Vào Ngày Hôm Nay,"Winno, Hustlang Robber"
Không Thể Say,HIEUTHUHAI
VIETNAM INTERNATIONAL CYPHER,Đang Cập Nhật
anh dau muon,"EREN, younghao, VCC Left Hand, Bbynascar"
120Bpm,"Ngắn, Long Mộng Gà"
Summertime Friends,The Chainsmokers
Memories,RIIZE
Booty Drop (Explicit),Doechii
Fxxked Up,JEON SOMI
Phía Sau Giấc Mơ,Hoàng Mai
Love Like That,Đang Cập Nhật
ANGEL NUMBER,"MinhLai, Sol7, P$mall"
Em Không Hiểu,Đang Cập Nhật
Hẹn Em Ở Lần Yêu Thứ 2,"Nguyenn, Đặng Tuấn Vũ"
Trong Đêm Tối,"HANA, fueled by boba"
Nếu Lúc Đó,"tlinh, 2pillz"
Sao Soi Đường Đêm,"Trung Trần, Trung Tâm Băng Đĩa Lậu Hải Ngoại"
Không Yêu Cũng Chẳng Cô Đơn (Live Perf.) [Theme Song From Em Là Chàng Trai Của Anh],Đỗ Hoàng Dương
Đôi Môi Ngây Dại,"Hải Đăng Doo, Weeza"
Anh Tự Do Nhưng Cô Đơn,Trung Quân
"7 Tỷ Người, Tìm Thấy Anh Rồi (From Siêu Trợ Lý)",Orange
Si Mê,"Đông Nhi, Ông Cao Thắng"
Như Anh Đã Thấy Em,"PhucXP, Freak D"
TUNA TUNA,"MiiNa (DREAMeR), Tun Phạm, RIN9, DREAMeR"
Không Nhất Thiết Phải Cùng Nhau,Anh Tú Atus
BDS,"Larria., Pineradise, Amber Ngo, B-Wine, MinhLai, Anh Phan, Vsplifff, V#"
Cà phê phin,"TUYẾT, thaison!"
Weak,sombr
Đành Phải Buông Tay,August. Đỗ Hải Đăng
Marshmallow,MISAMO
Favorite Kind Of High,Kelly Clarkson
When Love Sucks (Feat. Dido),Jason Derulo
Shadow,Wednesday Campanella
WHERE DOES YOUR SPIRIT GO?,The Kid LAROI
Buồn Ơi? Đau Đủ Rồi!,Nguyễn Đình Long
Just Don't Know It Yet,Đang Cập Nhật
I Go Dancing,"Frank Walker, Ella Henderson"
Rover,KAI
Closer (Clothes Off),Đang Cập Nhật
Rumble,"Skrillex, Fred again.., Flowdan"
Here With Me,d4vd
SAD B!TCH (Explicit),Anne-Marie
Gossip,"Maneskin, Tom Morello"
Bounce Back,Đang Cập Nhật
abcdefu (Explicit),GAYLE
My full,time You (Mộc) - MLee
Người Đến Sau Sẽ Cho Người Tất Cả (TiJak Remix),"Hoài Lâm, TiJak"
Chạnh Lòng Thương Cô 4,Huy Vạc
Thương,"M NAIVE, Phạm Nguyên Ngọc"
Fall In Love,Bailey Zimmerman
Chasing Cars,Sofi Tukker
Wishes Come True (Band Arrange),Maju Arai
Tsuki Wo Miteita,Moongazing - Kenshi Yonezu
Lost The Breakup (Acoustic),Maisie Peters
Self Destruction Mode,The Chainsmokers
Can't Hear,Ring
Còn Lại Gì Để Níu Giữ,Southalid
Thích,"Changcan, hidanearest"
Luôn yêu đời,"Đen, Cheng"
Thói Quen,B Ray
"Aozora (Theme Song Of Tv Show Hi,Come In S2)",Aaron Yan
Padam Padam,Kylie Minogue
Two Weeks Ago,Maisie Peters
Not Alone,Đang Cập Nhật
Safari,Serena
Fantasy (Explicit),"Lauren Spencer Smith, GAYLE, Em Beihold"
I Am,Bebe Rexha
Perdonémonos,Yng Lvcas
Exhausted,Trevor Daniel
I'm Not Ok,Chanmina
Madononakakara / 窓の中から,Đang Cập Nhật
Search & Rescue,Đang Cập Nhật
Milk Of The Siren,Melanie Martinez
Waiting,Lauren Daigle
セブンティーン,YOASOBI
Softest Touch,Khalid
Miracle (Church Version),"Calvin Harris, Ellie Goulding"
นิราศราตรี (One Night Story),Dakota
Oanh (Remix),Ưng Hoàng Phúc
Do It Like This (English Version),P1Harmony
A Thousand Years,James Arthur
girls like me don't cry (remix),"thủy, MIN"
Growin' Up And Gettin' Old,Luke Combs
The Grants,Lana Del Rey
Novocaine,Caelan Moriarty
In Ha Mood (Explicit),Ice Spice
Cuff It (Wetter Remix),Beyoncé
Toxic Las Vegas (Jamieson Shaw Remix (From The Original Motion Picture Soundtrack Elvis) Deluxe Edition),"Elvis Presley, Britney Spears"
Our Song (Original Soundtrack Between Us),"Dew Arunpong, Dome Jaruwat, Kangsomks"
Tại Vì Em (Music Box),buitruonglinh
Revolution,John Summit
Más (Feat. Spencer Ludwig),Sofia Reyes
Chuyện Đôi Ta,"Emcee L, Muộii"
Have Yourself A Merry Little Christmas,Josh Groban
Lửng Lơ (Lofi),"Masew, B Ray, REDT, Ý Tiên"
Drunk In The Bathtub (Explicit),Jessie Murph
Danger,Đang Cập Nhật
Cheshire,ITZY
Weapons,Ava Max
Đợi (2023 Version),Vũ.
Người Lạ Trong Danh Bạ,"ERIK, Phúc Du"
em tạm đi vắng khi anh thức giấc (day dreamer),Phùng Khánh Linh
Mà Thôi,Hekii
Đếm,Đang Cập Nhật
Yêu Nhiều Hoá Đau Lòng,"NIT, Sing"
Pick Out A Christmas Tree,Dan + Shay
Scared Of Love,Ali Gatie
Cuff It (Explicit),Beyoncé
Hallelujah,"CKay, Blaqbonez"
Special Delivery (Explicit),"Meghan Trainor, MAX"
Someday,Jung Seung Hwan
Một Đêm Say (Biển Của Hy Vọng),Quân A.P
Anh Không Muốn,"PhongKhin, RPT Spidey, Cashmel"
Tương Tư Vô Vọng,Ivan
Don't Côi,"RPT Orijinn, Ronboogz"
Câu Chuyện Tình Yêu,Nhữ Thuỳ Dương
Khó Có Được Người (From Dickson Acoustic),DICKSON
Thích Mà Hông Thương,th?o
Chớp Mắt Là Ngày Mai,"Doãn Hiếu, BMZ"
Quả Phụ Tướng,Dunghoangpham
Nhạn Sầu,Hamlet Trương
Don't Look Back,Đang Cập Nhật
Trái Tim Bên Lề (Remix Version),Hồng Dương
Anhchangcontin,Cà Nâu
Cưới Thôi 2,Masew
Number One,prettyXIX
Chỉ Một Đêm Nữa Thôi,RPT MCK
Hỏi Trời Mới Biết,GreenV
Những Vì Tinh Tú Trong Đôi Mắt Em (Soft Version),Haisam
Ngọt Như Cherry,"Ahn, Hằng Bơ"
1900 Hồi Đó.,Jun Phạm
Anh Đã Từ Bỏ Rồi Đấy,"Nguyenn, Aric"
Chanter Le Blues,Michel Jonasz
Walk Out That Door,Ali Gatie
Như Ngày Đầu Tiên,Nguyên
Padam Padam (Extended Mix),Kylie Minogue
Classy 101,Đang Cập Nhật
Mona Lisa,"Miles & Miles, Alex Hosking"
Pray It Away,Chlöe
Ok,Tiggi Hawke
Memory,Sezairi
don’t call me pretty (Explicit),GAYLE
Part Of Your World (From The Little Mermaid),Halle
Small Town,Clara Benin
Motto,Đang Cập Nhật
Gudnight Babi,"Daduc, Dagiam"
Tell Me Goodbye,MTV Band
KHU VUI CHƠI,"VCC Left Hand, TOSKA"
Crying On The Dancefloor,"Sam Feldt, Jonas Blue, Endless Summer, Violet Days"
Expectations,"Anne-Marie, MINNIE"
CẦN GÌ NÓI DRILL (prod. By Central Pham),Wxrdie
Body Better,Maisie Peters
1001 Nguyện Ước / 一千零一个愿望 (Kế Hoạch Khôi Phục Thanh Xuân 6: Nước Ngọt Đặc Biệt),MINNIE
Energy,Beyoncé
Hello Bitches,CL
Kem Tươi,"Kelvinz, $onday"
Vì Si Mê,Chung Thanh Duy
MẾN EM RỒI (Remix Version),Hồng Thanh
Chốn Phồn Hoa (Liam Lofi),"Châu Khải Phong, ACV"
Tình Bằng Không,"Rum, Trungg I.U"
Dancing’s Done,Ava Max
Năm Nay Xin Hứa,"Myra Trần, B Ray, Ricky Star, Lil Wuyn"
Kìa Bóng Dáng Ai,"Pháo, Sterry"
Don't Cry For Me,"Whitney Houston, Sam Feldt"
Girl Like Me,Dove Cameron
tình yêu có nghĩa là gì?,tlinh
End Of Time (Explicit),Zara Larsson
2 Much 2 Handle,"Alok, Steve Aoki"
Satellite,Harry Styles
My Luv,RINI
Âm Nhạc,Hustlang HBo
Don'T Love Me Now (Feat. Charlieonnafriday),Đang Cập Nhật
From The Start,Laufey
Chẳng Thể Biết Sau Này,"h0n, Xám"
Curtains,Ed Sheeran
What It Is (Block Boy),"Doechii, Kodak Black"
Lilith (Diablo IV Anthem),"Halsey, SUGA"
Trò Chơi Tình Ái (love Game),"Pay, Lazii"
Watati (From Barbie The Album),"Karol G, Aldo Ranks"
Cheri Cheri Lady (By Modern Talking),Maléna
2AM,"prettyXIX, KayC, TGSN"
Why Why Why,Jackson Wang (Vương Gia Nhĩ)
Sweet Lies (Sped Up Version),"Nathan Dawe x Talia Mar, sped up nightcore"
Come Alive,Jackson Wang (Vương Gia Nhĩ)
The News,Paramore
Paper Crown,Alec Benjamin
Break Up Twice,Lizzo
Em Là Coffee (Phiên Bản Hướng Nội),Juky San
Mong Một Ngày Anh Nhớ Đến Em,"Huỳnh James, Pjnboys"
Eyes,Bazzi
Hips Don'T Lie,"Bamboo - Shakira, Wyclef Jean"
GODS,"League Of Legends, NewJeans"
Got Me Started (Explicit),Troye Sivan
Got Me Started,Troye Sivan
Beautiful,Sam Smith
Snooze (Acoustic) [Explicit],"SZA, Justin Bieber"
Gimme Love,Sia
Chocolate Rain,Flo Milli
N.Y.C.T,Đang Cập Nhật
Lấy Tên Anh (Bachyyy Remix),"RPT TC, TDO Kwan"
Trách Phận Cơ Hàn,Đang Cập Nhật
Love Lee,AKMU
Last Night,Morgan Wallen
Vì Con Là Người Tốt,"gung0cay, IndieK"
Good Nai,"Bùi Lý Thiên Hương, Weeza"
Imposter Syndrome,Clara Benin
Dopamine,Nathan Hartono
Fruit Loop,Flo Milli
Contrail,Đang Cập Nhật
Steal The Show (From Elemental),Lauv
Mẹ Chở Con Đi,"Phạm Quỳnh Anh, Minh Hằng, Đông Nhi, MING and PING"
haydeanhduoccungemdau,"SIVAN, Kai Đinh"
Bình Yên Vẫn Còn Đây,Dani D
Perfect To Me,Sunny Lukas
Lò Vi Sóng (Ăn Cùng Nhau),"14 Casper, Bon Nghiêm"
Ngọt Ngọt Thơm Thơm (Lofi),"Nguyễn Trần Trung Quân, Nguyễn Thương, Thưởng Thỏ"
IT'S YOU,Lena
PHAT COM CHO,Gill
Đừng Khóc,Chi Dân
Quần Âu Vest Đen,Hưng Dakota
Hạt Mưa Vương Vấn,Thành Đạt
Vacole,Đang Cập Nhật
Make My Day (TiJak Remix),"Rhmsey, Kayay, TiJak"
Anh Tự Do Nhưng Cô Đơn,"Trung Quân, Quân A.P"
Oanh (Chuyện Tình Của Thảo),Ưng Hoàng Phúc
Yêu Không Cần Cố,buitruonglinh
Lắm Mối Tối Ngồi Không,Hoàng Thùy Linh
Thích Hay Là Yêu,Lou Hoàng
Take My Heart,Ali Hoàng Dương
Rumours,From The First Take - Mirror
Unholy (Bonus Track),"Sam Smith, Kim Petras"
Setting Up The Phone Call,Mezzaluna
Love You Again,MeloMance
Sleep Well,d4vd
How Does It Feel,Tom Grennan
Phải Lòng Anh (English Version),Đang Cập Nhật
Here,Tom Grennan
Praising You (Feat. Fatboy Slim),Rita Ora
Faster,Icona Pop
Lên Lớp (prod. thooc),"gung0cay, Lil Vux"
DOGTOOTH,"Tyler, The Creator"
Evil (Melanie Martinez Sped Up Version),sped up nightcore
Flower,JISOO
Cupid (Twin Ver.),Đang Cập Nhật
HEROES (feat. DJ Premier),"Macklemore, DJ Premier"
3 Boys,Omar Apollo
When I Get There,P!nk
Biết Làm Sao,"Ran, CM1X"
Reason,Dreamcatcher
I'm Good (Blue) [Acoustic],"David Guetta, Bebe Rexha"
Shittin' Me,Đang Cập Nhật
Fan,Offset
Social Path,"Stray Kids, LiSA"
À Lôi (Prod. By Haima X Minboo),"Double2T, HaiMa, MinBoo"
Rock Hudson,Kelly Clarkson
Bounce,Oliver Tree
Move It,Stefflon Don
Hora Cero,Myke Towers
Angel (From Barbie The Album),PinkPantheress
Ngồi Nhìn Em Khóc (Japanese Version),"Sáo, Heki"
Home To Another One,Madison Beer
light of you,"The Stray, dawon you"
You Make Me Feel (Mighty Real),"Adam Lambert, Sigala"
My Light (Acoustic Version),Colton Dixon
Van Gogh,"Dept, Ashley Alisha"
What Was,Benson Boone
Baby Don't Hurt Me,"David Guetta, Anne-Marie, Coi Leray"
Chemical,Post Malone
Love On The Line,"VIZE, Leony"
Giddy,Kep1er
Come With Me (Marry My Dead Body Ost),Đang Cập Nhật
213,"Hứa Kim Tuyền, Negav"
I Am Free,Tones And I
Moonlight,Kali Uchis
Love From The Other Side,Fall Out Boy
If This Was A Movie (Taylor’s Version),Taylor Swift
Private Landing (Explicit),"Don Toliver, Justin Bieber, Future"
Ain't No Sunshine,Pink Sweat$
You Only Love Me,Rita Ora
Shooting Star,SHAUN
Witdemdicks!,Xxxtentacion
My All,Polo G
Nghe Nói,"Thành Đồng, Vũ."
Feeling Your Body,"primo.io, Astral Mind Music"
Tití Me Preguntó,Bad Bunny
Pressure,RINI
Ulala (Ooh La La),"Myke Towers, Daddy Yankee"
Crave Me,"Chores, Jezzabell Doran"
Winner,Conan Gray
Bắt Cóc Con Tim (Sped Up Version),Đang Cập Nhật
Nếu Biết Trước,h0n
Thanh Âm Da Vàng,Lãng
Biết Không Thể,Green
Thấu,"Mfree, Hoài Lâm"
ON YOU,"KayC, Gxxfy"
Hơn Em Chỗ Nào,Thuỳ Chi
Put It On Da Floor Again (Continued) [Explicit],"Latto, Cardi B"
Từ Nơi Tôi Sinh Ra,Jack - J97
You're Losing Me (From The Vault),Đang Cập Nhật
BEAUTIFUL (VIP Remix),"MYLINA, HANA, fueled by boba, E9O"
Con Tim Xao Động (Chill Out Live Session),Dương Edward
Đôi Mươi (Remix),"Hoàng Dũng, GDucky"
Điểm Đến,MANBO
Đêm/Cuối Ngày,Nomadic
Điềm Xui,Daduc
Yêu Anh Trong Giấc Mơ,Mia Trần
ชั่วโมงพิเศษ (Time To Love),PRIMETIME
Slow Low,Jason Derulo
Em Đồng Ý (I Do),"Đức Phúc, 911"
My Stupid Heart,"Walk Off The Earth, Lauv"
Compassion,"Lucky Daye, Chiiild"
Made You Look (A Cappella),Meghan Trainor
Nhớ Người Hay Nhớ (TiJak Remix),Đang Cập Nhật
Nói Quên Là Quên,Reddy (Hữu Duy)
Càng Hy Vọng Càng Thất Vọng,Phan Yến Nhi
Đoán Xem,Ngô Lan Hương
Anh Có Muốn Chúng Mình Bỏ Nhau?,Phạm Hồng Phước
They Don't Love It,Jack Harlow
For What It’s Worth (Acoustic),Breland
Sure Thing,Miguel
Hạ Phỏm,Hoàng Thùy Linh
Còn Lại Gì Sau Chia Tay,Ngô Anh Đạt
The Journey,H.E.R.
Những Tháng Năm Tươi Đẹp,Đông Nhi
Nắng Lên,"Rhymastic, SOOBIN"
Tốt Nhất Nên Cô Đơn,Lâm Tuấn
Bánh Pía Kim Sa,"Ci Pi, OS Pino"
Tình Yêu Đến Sau / Không Cần Phải Hứa Đâu Em (Mashup),"Phạm Khánh Hưng, Myra Trần"
Đời Vô Tư Người Vô Tâm,Đang Cập Nhật
Attention (Explicit),Doja Cat
Realize,LiSA
Red Flag Collector,Kelly Clarkson
Do For Love,"Masta Trippy, AMEE"
You Ain't Got My Soul,Kimmese
Nuôi Ong Tay Áo,"Ngọc Kara, Jombie"
Umeee (The Heroes Version),"TIA, CM1X"
Vượt Qua Everest,Isaac
Họp Gia Đình,"Huy Lee, Mẹ Gấu"
Khi Anh Trông Thấy Em,"Weeza, Madelynn, Yanbi"
Chàng Trai Sờ Mát,"Tuấn Cry, Tùng Viu"
Chết Trong Em,Thịnh Suy
G9,"BILLY100, Icy Nirvana"
Dương Tính Với Thính,Tân Trần
Em Hiểu,Phạm Hoàng Duy
Báo Hỷ,Đang Cập Nhật
một đời,"14 Casper, Bon Nghiêm, buitruonglinh"
Cô Đơn Đã Quá Bình Thường,Miu Lê
B.O.M.B (KABOOM ver.),TREASURE
First Person Shooter (Explicit),"Drake, J. Cole"
One Of Your Girls,Troye Sivan
Baddie,IVE
Either Way,IVE
Slime You Out,"Drake, SZA"
greedy (Explicit),Tate McRae
SMILEY,"YENA, BIBI"
THE GIRLS (BLACKPINK THE GAME OST),BLACKPINK
New Dance,XG
Call Me,"Wren Evans, Itsnk"
Lip Gloss,Đang Cập Nhật
(It Goes Like) Nanana,Edit - Peggy Gou
Talk To Me Nice,Đang Cập Nhật
Shawty,"VSOUL, Obito"
Lit,"Ash-B, Bobby"
Kí Ức Nhá Nhem 2,"Tades, Bitu"
Señorita,"BAYZY, Jordan Rys, Swizznife, Hard Lights"
Capture My Soul,"CKay, Joeboy"
Become A Flower,Hyun Soo Kim
Snow On The Beach (feat. More Lana Del Rey) (Explicit),"Taylor Swift, Lana Del Rey"
Anh Không Quan Trọng Nữa (Remix Version),"Tăng Phúc, Nguyễn Đình Vũ"
Not a fairy tale,"Orange, DTAP, Tizi Đích Lép"
My Treasure,"Dobi, Minh Dat"
1h,Chilly
Bài Ca Cho Em,"Jay'Son, Smiley Panda"
Tình Yêu Mới,Chillies
Giữa Cả Tỷ Người (Freak D Lofi Version),"Luke D, Tuấn Cry"
Nếu Một Ngày Gặp Lại,Trương Thảo Nhi
Một Số Người Trong Chúng Ta / 我们这一些人啊,Đang Cập Nhật
Tím,"Chú Cá Lơ, Chí Hùng"
Sunflower Driveway,"CHICHA22, Kim Chi Sun, CHARLES."
Hồi Kết (Lofi Version),Hà Nhi
U Mê Em,Kay Trần
Nếu Anh Muốn Đổi Vai,"UMIE, SimonC, Hổ"
Before You,Tom Grennan
Wedding Song,DISH//
Nacherry Park,NACHERRY
LOVE AGAIN,The Kid LAROI
Tuya,Rosalía
What It Is (Solo Version),Doechii
Wasteland,KANGDANIEL
Call On Me (David Guetta Remix),Bebe Rexha
Nhanh Lên,"Lil Wuyn, LVK"
Heartstrings,Trevor Daniel
Lệ Hoa (Vux Lofi),"TLong, ACV"
Ghosting,"Linh Ka, Kewtiie"
Cầu Kiều,"ICM, Duy Zuno"
Pink Your Moment,MINNIE
Như Ta Đã Từng,Cao Nam Thành
Dừng Yêu,"Myra Trần, Negav"
Bài Nhạc Em Hát Anh Phát Trên Radio,"Keisha, Tối Nay Tính Band"
Sẽ Có Một Ngày (TiJak Disco Remix),"nắng, TiJak"
Mưa Trong Lòng (Speed Up),"Tùng Maru, Vũ Phụng Tiên"
I Can't Live Without U,Chi Dân
11:11,"MiiNa (DREAMeR), RIN9, DREAMeR"
Cưới Vợ Miền Tây (Quẩy),"Huỳnh James, Pjnboys"
Sao Em Biết Người Rời Đi Không Buồn,Ngô Kiến Huy
Anh Sẽ Đến Cùng Cơn Mưa,"Hứa Kim Tuyền, GREY D"
Mỉm Cười Em Nhé,Hà Huy Hiếu
Nín Đi Anh Thương Mà,"Quốc Thống, Kus"
I'll Be There,Lee Aram
Nơi Có Chúng Ta,GreenD
Đã Đến Lúc,Satila Hồng Vịnh
Buồn Không Thể Buông,"Trung Quân, MiiNa (DREAMeR), DREAMeR"
Tình Yêu Đến Sau,Myra Trần
Cưới Vợ Miền Tây,"Huỳnh James, Pjnboys"
Phải Lòng,"Tang Duy Tan, Phong Max"
Tại Sao Không Nói,"Hngle, Nie"
Lâu Lâu Nhắc Lại (Live At I See You Concert),Hà Nhi
Hình Nhân Cỏ,Đang Cập Nhật
Raincatchers,Birdy
Bop Bop,Saucy Santana
More Than Friends (Love In The Future Line Tv Incidental Music),Trần Thế An (Andrew Tan)
Kids Are Growing Up (Part 1),The Kid LAROI
Những Kẻ Khờ Mộng Mơ,"Huy Vũ, Soulient"
Lời Yêu,buitruonglinh
Người Rất Tốt Không Gặp Sẽ Tốt Hơn,Hiền Hồ
Sai Vì Tin Anh,Lương Bích Hữu
Đừng Khóc Vì Người Yêu Cũ,Hiền Thục
dự báo thời tiết hôm nay mưa (storm version),"GREY D, Phúc Du"
Bánh Mì Không (Music Home Mùa 2),Đạt G
Ngược Xuôi,"Hustlang Heily, Hustlang HBo"
Trót Yêu / Bụi Bay Vào Mắt (Mashup) [Live Session],"Phạm Quỳnh Anh, Trung Quân"
Anh Đã Quên Được Em Rồi Baby!,"FreeTyzpm, DucMinh"
Thế Là Nên Đôi,thaolinh
Tài Từ Trong Trứng,Freaky
Nếu Nói Ra Lời Yêu Ấy,"Ân Nhi, Sumo"
Mong Em Sẽ Vui,Vang
Một Ngày,"Dick, Ngô Lan Hương, Bạn Có Tài Mà"
Sau Chia Tay (Remake),Đăng Quân Pino
Thế Là Nên Đôi (Deep House Version),thaolinh
Wrong Times,"Puppy, Dangrangto"
Monday,"Trung Trần, HwangMike"
Xin Lỗi,"Quốc Bảo, Hồ Tiến Đạt"
Em Muốn (The Heroes Version),"TIA, CM1X"
DO4LOVE,"52Hz, Willistic"
Nếu Em Còn Đợi Anh,buitruonglinh
Họa Tâm 2,"Ji Võ, IceyU"
Em không sao đâu,Lưu Hương Giang
Cân Cả Thế Giới,Dương Hoàng Yến
Đừng Gọi Anh (Huy Lee Remix),"Mr.T, Yanbi"
Không Yêu Cũng Chẳng Cô Đơn  (Speed Up Version) [Theme Song From Em Là Chàng Trai Của Anh],"Đỗ Hoàng Dương, CODYNAMVO"
tỉnh thức sau giấc ngủ đông,GREY D
Cái Kết,Changmie
OUTSIDE,"Yuno, A$Er, YnH Stick, YnH Four"
Em Chờ Anh,Phạm Khánh Hưng
Em Đồng Ý (I Do) (English Version),"Đức Phúc, 911"
Rồi Ta Sẽ Ngắm Pháo Hoa Cùng Nhau (Duet Version),"Olew, JUUN D"
Không Biết Bài Gì,"NIT, Hưng Cacao"
Thương Em Mạnh Mẽ (Pop Version),Vy Dương
Đừng Nói Lần Hai,KIDDIE
Nuocmatroitungdong,"Tempo G, Vũ Phụng Tiên"
Buông (The Heroes Version),"Vũ Thảo My, Kimmese, Jsdrmns"
dự báo thời tiết hôm nay mưa,GREY D
Để Anh Một Mình,"RHYDER, RAP VIỆT"
Đã Sai Từ Lúc Đầu (Chill Out Live Session),Dương Edward
NẾU CÓ IU,Ricky Star
Ngày Mây Đen,"Pay, Lazii"
Cơn Bão,"CAM, Tùng"
Love Me More (Speed Up Version),The Sheep
Thôi Em Đừng Xinh Như Thế,Machiot
Anh Không Thể Ngờ (Liam Lofi),"Đinh Tùng Huy, ACV"
Thiên Tài,ERIK
Tất Cả Đứng Im,"Ngô Kiến Huy, HIEUTHUHAI"
Tạm Biệt,"Chi Chi (Việt Nam), Dũng tối tác"
20 25 30,"Bảo Anh, Kai Đinh"
Có Hay Từ Bao Giờ 2,"Nie, Hast"
Vì Em Là Duy Nhất,"Lemese, Gold K"
con nha noise,GOC
Tình Cảm,NAM23
em lai di dau day?,CÁU
cô ấy của anh ấy,"Bảo Anh, Kai Đinh"
Pretty Girl,"Sing, KayZ"
Chờ Em (Piano Version),"Thành DeeDee, CGC"
Mưa Trong Lòng (Remix),"Tùng Maru, Vũ Phụng Tiên"
Stronger,Đang Cập Nhật
Vô Định,Hustlang Robber
Broken Melodies,NCT DREAM
Kill Bill (Acoustic),SZA
Độc Nhất (Chill Mix),Đang Cập Nhật
Bạn Ơi (From Lật Mặt 6: Tấm Vé Định Mệnh),"Lam Trường, Lý Hải"
Vũ Trụ Có Anh,"Phương Mỹ Chi, DTAP, Pháo"
Em Đã Bao Giờ Yêu Như Này Chưa?,Cheng
Hương Hoa Sữa,Hà Huy Hiếu
damsay,"SIVAN, Machiot"
222022,Hustlang Robber
Không Ai Khác Ngoài Em,Đang Cập Nhật
Anh Làm Tất Cả Vì,"Nguyên, Seth"
Đơn,JP Long
Anh Yêu Em Cực (CM1X Remix),"Linh Thộn, Minh Vũ"
KHI NÀO MỚI CHỊU NÓI YÊU EM,"Erin, Lai BB"
Cuốn Anh Sâu Vào,"Phil, CM1X"
Phải Là Của Em,"ANNIE, Sidie"
Định Mệnh,Noo Phước Thịnh
Sorry Em Yêu Lần Đầu,J.ADE
Yêu Hóa Dại Khờ,"Kiều Phong, RyoT"
Người Ra Đi Vì Đâu,"Phạm Khánh Hưng, Tăng Phúc"
Chốn Phồn Hoa (Vux Lofi),"Châu Khải Phong, ACV"
Yêu Như Chưa Từng Yêu,Jackie Thắng Nguyễn
Say Anh (Kewtiie Remix),Đang Cập Nhật
Tulips & Roses,G-Eazy
Best Friend,"수민(SUMIN), Woo"
Wake Up (Feat. Lucy Rose),Logic
Ain't On None,"21 Lil Harold, 21 Savage"
Vũ Trụ Ngừng Trôi,Sweet Liquor
Nhạc Trap Căng Nhất 2023,"Wxrdie, RPT JasonDilla, 24k.Right"
Tình Iu Như Tách Trà,Khờ Band
Nhẹ Nhàng Buông Tay,"Dương Hannie, MT Black"
Quả Táo,"TIA, Freaky, CM1X"
Kill Bill (Sped Up Version),SZA
Cheetah,Jackson Wang (Vương Gia Nhĩ)
Under The Tree (Attack on Titan The Final Season Part 3 OST),SiM
We Go Down Together,"Dove Cameron, Khalid"
Dusties,Maiya The Don
Boy's A Liar,PinkPantheress
Cửa Hàng Tiện Lợi,Đang Cập Nhật
Hối Tiếc,MAIQUINN
Đẩy Xe Bò,"Phương Mỹ Chi, DTAP"
Tại Vì Sao,"Patu, Nghima"
1404,Niz
Mang Chủng,Châu Dương
Mãi Không Rời Xa,"Lương Bích Hữu, Vũ Đặng Quốc Việt"
Paranoooid,"Hải Đăng Doo, Weeza"
​Buổi Hẹn Hò Đầu Tiên,Machiot
Nàng Thơ Xứ Huế,Thuỳ Chi
Ái Ái Ái (Reimagine),Đang Cập Nhật
Khác Biệt To Lớn (XHTDRLX2),"Anh Tú, Orange, Forest Studio"
Yêu Em Kiểu,OSAD
người bán nỗi buồn,"Phí Phương Anh, Trung Quân, RIN9, DREAMeR"
Mê Đắm (Space Jam Version),Hoàng Tôn
Quên,The Vague
RA KHƠI,"SeaFlows, Khoáng, TyB, THIENVU, Minh Huy"
Losing You,Đang Cập Nhật
"Năm Tháng Sau Này, Mong Người Bình Yên",Linh
Thiên Tài Hạng Bét OST,Rum
Mưa Tháng Sáu (solo Version),"Trung Quân, Hứa Kim Tuyền"
Bất Nhiễm (Cover),Thủy Tiên
Chờ Ngày Mưa Tan,"Noo Phước Thịnh, Tonny Việt"
Lau Đi,Wolf C
Chào Nhé ...,"Đông Hùng, Vũ Đặng Quốc Việt"
Bông Hoa Ở Nơi Tối Tăm,"Baz, MtR"
Say Như Người Điên,"UMIE, Droppy, Hổ"
Ngày Mai Chuyện Đã Khác (1919),Hakoota
"LK Cơn Mưa Trong Đời, Trời Còn Mưa Mãi",Viễn Trinh
Mau Mau Rước Em,"Khánh Linh, Khoa Quân, Huy Rupi"
Đừng Khiến Anh Hiểu Lầm,"Krix, t h a n h, Kaeri"
Ngày Chưa Giông Bão (Music Home Mùa 1),"Phan Mạnh Quỳnh, Bùi Lan Hương"
PARTNER,"1nG, M NAIVE"
Em Hỏi Tối Nay Đi Đâu,"QNT, Spideyboy"
Love Me Like You Do,LuvLike
Phải Làm Thế Nào,"Hưng Dakota, Guvy, D-Gray"
Đào Đâu Ra Người Như Anh,Hoàng Yến Chibi
Still Young,Goldenskin
Tấm Chiếu Mới,Lil Zpoet
Đã Bao Lần,"A.C Xuân Tài, Mew"
Vì Em Là Cả Thế Giới,"Yanbi, Hoàng Tôn, DSmall"
"Lỡ Duyên Kiếp Này, Liệu Có Kiếp Sau (Brobear Remix)",Khả Hiệp
Phải Lòng Anh (Dream Ver.),Đang Cập Nhật
My Bad,"The Chainsmokers, Shenseea"
Ngỏ Cưới,Doll Phan Hiếu
Nỗi Lòng (Prod. Astronormous),JUUN D
Đưa Em Về Nhàa,"GREY D, Chillies"
MẾN EM RỒI,Hồng Thanh
Bài Ca Tụng Cô Đơn,Phượng Vũ
Tầng Mây Thứ 8,Chillies
Đường Tôi Chở Em Về,buitruonglinh
Cảm Ơn Sự Vô Tâm,Dương Nhất Linh
Khung Trời Ngày Xưa (25th Làn Sóng Xanh),"Isaac, Hòa Minzy"
Giờ Là Lúc Để Anh Nhận Ra,Czee
Kiếp Má Hồng (Andy Remix),"TLong, ACV"
Say Wazzup,Hustlang Robber
Thanh Âm Em Để Lại,Đang Cập Nhật
Ánh Mắt,"TIA, TLOO, Vinh"
Bốn Mùa (Pop Version),Jang Mi
ĐIỀU GÌ ĐÓ,Nguyễn Hải Yến
27.95,"Hau, Patu"
Buồn Thì Cứ Khóc Đi (XHTDRLX2),Trúc Nhân
Rodeo (Feat. Flo Milli) [a7s Remix],Lah Pat
Get Outta My Heart,Ava Max
bình mình rơi đằng tây (Acoustic),"14 Casper, Bon Nghiêm, Vy Vy"
Break The Rules,"$A Milo, Coldzy"
Tôi Muốn Chút Gì Đó…!,"Hamlet Trương, Hoàng Luân"
Wake Up And Make Up,Moon
Nhịp Trái Tim,"creepo, quanhat5am"
360,Hoàng Ryy
Fall'in In Your Love,Vxllish
Can't Stop Me,Đang Cập Nhật
Như Viên Đường,Linh Ka
Khỏi Phải Makeup (Happy Version),"Bùi Công Nam, Ricky Star"
Time,"Feliks Alvin, Mimi."
B52,"Thu Minh, Noo Phước Thịnh"
Đừng Gọi Anh,"Mr.T, Yanbi"
Họ Đâu Thương Em (Vux Lofi),Phan Duy Anh
yêu anh đi mẹ anh bán bánh mì,Phúc Du
Đừng Nhấc Máy Em,"Kimmese, Minh Tốc, Pablo Yang"
Chưa Đủ Để Giữ Em,Vương Anh Tú
Buông Tay Về Hai Lối,Đang Cập Nhật
Rap Nhanh Lên ?,"Blacka, Arthur, Dlow, Crow On Hyenas"
Cần Gì Nói Iu,Wxrdie
Đôi Ly Whisky,"Nguyễn Trọng Tài, Lazii"
Stamp On It,Got the Beat
Red Flags,Mimi Webb
Anti,hero - Taylor Swift
Chao Bebe,"Ovy On The Drums, Ozuna"
Ku Lo Sa,Oxlade
"Anh Đã Yên Bình, Tôi Biết Thương Mình (Live Session)","Phạm Quỳnh Anh, Trung Quân"
C.M.E (Close My Eyes),"Khác Họ Records, TraceD, X2C, Da Claus, Feliks Alvin"
Gánh Đời,Đông Hùng
Why?,Niz
Missing You,"SOBE, Machiot"
Satellite (Explicit),"Bebe Rexha, Snoop Dogg"
Sms,Aya Nakamura
ILYMAMA,"Wxrdie, QNT"
Running Up That Hill,Betty Who
Careful (From The Original Motion Picture Magic Mike'S Last Dance),Lucky Daye
It's Time (Đã Đến Lúc),Chung Thương T-JO
Người yêu ơi có biết (Remake),Machiot
Baby,Aya Nakamura
Đã Xem,Đang Cập Nhật
Chúng Ta Chỉ Là Đã Từng,"Hứa Kim Tuyền, Orange"
Hãy Đưa Tôi Đi Tìm Cô Ấy,"Đức Nguyễn, Lee À"
Anh Yêu Em Rồi Đấy,HuyR
Bông Thiên Điểu,"MTV Band, Hoàng Dũng"
Người Ơi Lần Cuối (Lofi),Đang Cập Nhật
Dỗi Anh Rồi,"MYLINA, 4GOD"
Ý Trời,"Đông Nhi, tlinh"
Lipstick,Charlie Puth
Behind The Curtain,MISAMO
Kỳ Quan Thứ 8,"Hồ Ngọc Hà, Nguyễn Hồng Thuận"
Đứa Con Hư,"Sofia, Nguyễn Hồng Thuận"
Ez Papa,JustaTee
Nếu Như Anh Nói Ra,Đang Cập Nhật
ưng quá chừng,AMEE
Mưa Phi Trường (25th Làn Sóng Xanh),"Ali Hoàng Dương, (S)TRONG, JSOL"
Xem Như Em Chẳng May,"Lương Bích Hữu, Trung Ngon"
Giống Như Mùa Thu (Remake),DuongG
Quên Một Người Là Chuyện Của Thời Gian,"Hoàng Thịnh, Nachi Khang"
Đến Giờ Cơm (XHTDRLX2),Ái Phương
Trong Mơ,Đang Cập Nhật
Love You,Đào Ngọc Sang
Đồ Thất Lạc,V#
Hè Sang,"FBBOIZ, Phúc Bồ, Hoàng Tôn"
Nước Mắt Hóa Đá (Prod.by DTAP),"Lương Bích Hữu, DTAP"
Anh Biết Em Không Buồn,DuongG
Hoa Cúc Dại,Tóc Tiên
"Em Không Sai, Chúng Ta Sai (Music Home Mùa 2)",ERIK
Ngọt Ngọt Thơm Thơm (Remix),"Nguyễn Trần Trung Quân, Nguyễn Thương, Thưởng Thỏ"
Hạnh Phúc Máu,Võ Hạ Trâm
Cổ Đông Lớn,Pom
Gối Đầu,KoQuet
Mộng Tình Phai,Phát Hồ
Dừng Lại Một Phút (Original Soundtrack From 35 Phút Cuộc Đời Tôi),"Trungg I.U, Nguyễn Mẫn"
Em (thank U),NAMNAM
Nàng Khóc Theo Một Bộ Phim,"Ânknown, Lynk Nguyen"
Mộc Mạc,"Kay Trần, Kim Chi Sun, Rtee, CHARLES., keepitlowkey"
Keo Dính Tình Bạn (Original Soundtrack From Lof Malto School),"Minh Khải, Thanh Trúc, Him Phạm, Hà Mi, Lim Phước Sang"
Vườn Hoa Con Cá,"Olew, Ngan"
Nietpo,"Max Benderz, Wxrdie, 24k.Right, RZ Mas"
Hái Sao,"Pixel Neko, Thắng"
In The Dark (The Heroes Version),"TIA, CM1X"
Đau Nhất Là Yêu Nhiều Hơn,Bozitt
Ma Sói (Original Soundtrack From Đảo Độc Đắc,"Tử Mẫu Thiên Linh Cái) - CARA, Ngắn"
Em Ơi Tại Sao,Nguyễn Minh Xuân Ái
Tình Yêu Nhá Máy,SASSY
Cưa Anh,"Fang Cee, StillaD"
Thân Mật,"Gill, Uyennhi, Kewtiie"
Đôi Mình,Chuột Sấm Sét
Gói ghém những suy tư rồi thả trôi,NAVY
Bad Gal (The Heroes Version),"Vũ Thảo My, Jsdrmns"
Xin Đừng Lòng Vòng,"Ngô Lan Hương, Ricky Star"
Không Muốn Một Mình (Chill Ver),Vicky Nhung
Mỗi Khi Anh Nhìn Em,Mỹ Anh
Hồi Kết,Hà Nhi
Có Lẽ,"Tempo G, Tuimi"
Lời Yêu,"buitruonglinh, Minsicko"
Em Vẫn Tin Vào Tình Yêu Ấy,Lương Bích Hữu
M.,16 Typh
You,GPG msmy
Quên Một Người Thương Em,"Phát Hồ, NHA"
Lava (Remix),Suboi
Người Lạ Trong Mơ,Khắc Hưng
Kẻ Điên Trên Thành Phố,Hữu Nhân
Nghiêng Mình Về Phía Em,TBEAR
ghệ iu dấu của em ơi,"tlinh, Hoāng"
Ai Cho Em Mang Mùa Hè Của Anh Đi,"minhthuy, Minh Cà Ri, Rica"
Nấu ăn cho em,"Đen, PiaLinh"
Lời Nói Dối Ngọc Ngà,Hồ Ngọc Hà
Họ Đâu Thương Em (Andy Edm),Phan Duy Anh
Bao Nhiêu Lâu Sau,Trungg I.U
Mưa Cứ Rơi,"MR.A, Wxrdie"
Không Cần Phải Nói Nhiều (The Goodboi Flip),"tlinh, Onionn"
Late Night Ride,"24k.Right, GDucky, Hipz"
Người Chơi Hệ Luỵ,Pittu Quyên
Ngồi Đây Mà Xem,"Anh Thư Phan, Tempo G"
Nụ Trăng Tàn Phai,Võ Lê Vy
Mèo,Bột Màu Khoai Tây Cà Rốt
Mình Có Tồn Tại Tình Yêu,Trịnh Đình Quang
Buồn Làm Chi Em Ơi (TiJak Remix),"Hoài Lâm, TiJak"
​Hot Stove,Machiot
dỗi ít thôi ôm đê,"Phúc Du, AMEE"
Can't Tame Her,Zara Larsson
Whiskey Y Coco,"Justin Quiles, Myke Towers"
Agua al dolor,"Xavibo, Leo Rizzi"
Em Không,Vũ Thanh Vân
Ice Cream,JEON SOMI
trên taxi chẳng muốn về nhà,"Hoàng Duyên, JSOL"
Anh Đã Quên Điều Gì?,"WinD, Nhữ Thùy Dương"
Em 22,Winno
Vì Sao Thế,"Phạm Đình Thái Ngân, Phạm Khánh Hưng"
CỨ ĐỂ ANH TA RỜI ĐI,"ANH TRAI SAY HI, Dương Domic, Quang Hùng MasterD, Lou Hoàng, Song Luân, Bảo Anh"
x2 sự yêu em,Anh Tú Atus
"Cartoon (Feat. BIG Naughty, Sarah Kang)",Cosmic Boy
Paradise Ii (Feat. Norah Jones),Logic
Made You Look (Joel Corry Remix),Meghan Trainor
Cùng Bay Vào Giấc Mơ,NamDuc
Xứng Đáng,Young
Đối Diện Ngày Mất Em,Đào Duy Quý
Liệu Rằng Em Có Đau,Lâm Tuấn
Sao Em Không Khóc,"kis, CM1X"
Bóng Dáng Thiên Thần (2023 Version),Đan Trường
Đừng Để Nước Mắt Rơi (Feat. Obito),VSTRA
Thạch Sanh,NAM23
I’m A Mess (with YUNGBLUD),Avril Lavigne
favourite liar,"Bảo Anh, Kai Đinh"
Bản Tình Ca Mùa Đông (Chill Out Live Session),Dương Edward
Grooving Through The Night (Kim),MLee
Ông Bà Già,Tùng
Chưa Chắc Như Vậy Đâu,Sidie
chuyên môn mập mờ,Anh Tú Atus
Mưa Tháng Sáu (suy Version),"Văn Mai Hương, GREY D, Hứa Kim Tuyền"
Bad Queen,"Droppy, Trung Trần, Hổ"
Kỳ Quan Thứ 8 (Lofi Version),"Hồ Ngọc Hà, Nguyễn Hồng Thuận"
Như Gió Với Mây (From Dickson Acoustic),DICKSON
Em Vẫn Tin Vào Tình Yêu Ấy (Piano Version),Lương Bích Hữu
Kẻ Vô Tâm,Mars Anh Tú
Nếu Một Mai Tôi Bay Lên Trời (XHTDRLX2),Trúc Nhân
LOVE SAND,"ANH TRAI SAY HI, HIEUTHUHAI, JSOL, Ali Hoàng Dương, Vũ Thịnh"
Fortnight,"Taylor Swift, Post Malone"
bướngg,"T.R.I, Minh Triều"
Thương Mình Hơn,Avi
Tình Yêu Bát Cơm Rang,Thiện Hưng
Từ Ngày Anh Xa,"Khởi My, Kaisoul"
Trong Đêm Tối (TiJak Remix),"HANA, fueled by boba, TiJak"
nữ siêu anh hùng,tlinh
Địa Tạng Bồ Tát Diệt Định Nghiệp Chân Ngôn (Kṣitigarbha's Karma Eliminating Mantra),Đang Cập Nhật
Quan Trọng Là Ai Thương Ai,Chu Bin
Trước Khi Thanh Xuân Nghỉ Ngơi (Prod. By Fillinus),"Nguyễn Thúc Thùy Tiên, Đức Phúc, August, Anngo, Thuy MX, Wong, LeWiuy"
Đừng Nói Tôi Điên,"Thu Minh, Myra Trần"
Quen Có Em Trong Đời,Vang
Thế Thôi,dNam
THE SUN,hooligan.
Tối Nay Qua Nhà Anh,"Thu Minh, Ali Hoàng Dương"
Theo Dấu Chân Em,Sara Lưu
Anh Không Quan Trọng Nữa,"Tăng Phúc, Nguyễn Đình Vũ"
Don't Let It Get To You,Haisam
Một Mình Vẫn Vui,Lê Ngọc Châu Anh
Bao Nhiêu Lâu Sau (Lofi Version),Trungg I.U
Đầu Tư Cho Trái Tim,Quang Hùng MasterD
HOẠT CẢNH TẾT GÒY CƯỚI LUÔNG,"Chị Đẹp Đạp Gió Rẽ Sóng, Tóc Tiên, MisThy, Bùi Lan Hương, Minh Hằng, Phạm Quỳnh Anh, Dương Hoàng Yến"
Because Of You,Lauv
SOMETIMES,"Teddy Doox, Goldfeezy, Kris Glow"
Bao Lâu Để Ngừng Cơn Đau,DyTins Nguyễn
Cuộc Gọi Đêm,"Uyên Tố, Heness"
number one girl,ROSÉ
NO LIMIT,"RAP VIỆT, JustaTee, Thai VG, Karik, Suboi, BigDaddy, B Ray"
Là Anh Đó,"Đăng Khôi, SOOBIN, Thanh Duy, (S)TRONG, Tuấn Hưng"
Em có,Pay
Góc Phố Trong Tim,"Hồ Văn Quý, Cassano"
Mẹ Ơi,The Sheep
Mùa Hè Năm Ấy,"Bảo Uyên, DREAMeR"
Đứa Con Hư (Lofi Version),"Sofia, Nguyễn Hồng Thuận"
Nhân Trần,"BigDaddy, Emily"
Hero,AKMU
nhạt,fine (feat. 52hz) - GREY D
Tự Yours,SOOBIN
Con Bạn Lấy Chồng (Original Soundtrack From Con Nhót Mót Chồng),"Ờ Phương, Vinh Z, Thái Vũ (BlackBi)"
Mất Kết Nối,Dương Domic
EM MÂY X ANH NHỚ EM,"Chị Đẹp Đạp Gió Rẽ Sóng, Hạnh Sino, Jase"
GỌI CHO ANH (1AM Version),Isaac
chuyện Nắng và Mưa,Andiez
Cô Phòng,"Hồ Quang Hiếu, Huỳnh Văn"
Tình Cờ Yêu Em,Kuun Đức Nam
MEDLEY THẤT TÌNH: CÀNG XA CÀNG NHỚ/ YÊU LÀM CHI/ NGƯỜI DƯNG NGƯỢC LỐI/ MỖI THỨ EM THÊM VÀO TÌNH YÊU/ TẤT CẢ SẼ THAY/ EM TÌNH YÊU CAO THƯỢNG 2/ HẠNH PHÚC MỚI,"Chị Đẹp Đạp Gió Rẽ Sóng, Phạm Quỳnh Anh, N.T.B"
Never Let Go,Jung Kook (BTS)
APT.,"ROSÉ, Bruno Mars"
ĐỀU LÀ CỦA EM,"Quang Trung, Song Luân, Anh Tú Atus, Anh Tú, Dương Domic, ANH TRAI SAY HI"
BẢNH,"ANH TRAI SAY HI, Anh Tú Atus, Song Luân, RHYDER, HURRYKNG, CAPTAIN BOY, Quang Trung, Dương Domic, Anh Tú, JSOL, Đỗ Phú Quí, Tage, Phạm Đình Thái Ngân, Phạm Anh Duy, Gemini Hùng Huỳnh, ERIK"
Dưới Cơn Mưa,"1nG, Mc Wiz, Tice"
điều vô tri nhất,"Kai Đinh, MIN, Hoàng Dũng"
"LK Em Vẫn Không Đổi Thay, Ngày Mai Không Có Anh Trong Đời",Viễn Trinh
Điều Em Không Muốn Nghe,"QNT, Dick"
Từ Ngày Gặp Anh,Ngọc Ánh
Supernatural,NewJeans
Lovelyboy,KIM KUNNI
December 25th,Charlie Puth
HẸN BÉ LẦN SAU,"RAP VIỆT, Mason Nguyen, Tiêu Minh Phụng"
Chăm Hoa,MONO
Cơn Mưa Rào Đầu Tiên,Chillies
Hẹn Em Mai Sau Gặp Lại,"Emcee L, LAMOON"
id T41104 (feat. 267),W/n
Chuyện Tình Tôi,Đang Cập Nhật
Giải Trí Một Mình / 孤独娱乐,Đang Cập Nhật
Lạc Vào Tim Anh,Tuyên
Đi Xuyên Thời Gian,Sara Lưu
Khôn Ngoan,"The Masked Singer, Nàng Tiên Hoa"
Biết Đâu Mà Lần,"Tage, Raw"
Niềm Tin Nhầm Chỗ,"Ngô Lan Hương, Ngắn"
Quên Anh,Heki
TO THE MOON (NEW VERSION),"hooligan., Jin"
Có Đau Thì Đau Một Mình,"Orange, Phúc Du"
Đưa Em Đi Vào Cơn Mơ,"Thu Minh, FBBOIZ"
nói em không tin (Acoustic),"14 Casper, Bon Nghiêm"
AN,Lil Wuyn
NHỊP ĐẬP BÊN NGỰC TRÁI,Đan Trường
Sinh Nhật Của Mùa Thu,Nguyenn
Làm Sao Để Em Biết,Khải Đăng
Yêu Anh Lần Đầu (Nostalgie Cinéma),Võ Lê Vy
Địa Tạng Vương Bồ Tát Tâm Chú (Kṣitigarbha Mantra),Dật Hanh
Tình Vội Đổi Thay,"JK Tuấn Minh, Vân Du"
TicToc Girl,Zane
Không Ghét,"VSOUL, CangCang"
3 1 0 7 (TiJak Remix),Đang Cập Nhật
Miễn Là Cùng Nhau,"Sean, Minh Huy"
Họ Đâu Thương Em (Roller Lofi),Phan Duy Anh
Đắng,KHOA
Vì Sao Thế,"Phạm Khánh Hưng, Phạm Đình Thái Ngân"
WINNER,"RAP VIỆT, BILLY100, MANBO"
CHIA,"RAP VIỆT, Coldzy, Quân Lee"
Hot Mess,aespa
Vì Tôi Tin Hết,Sáo
Chữ O,"VSOUL, Taikeith"
Hẹn Em Ở Lần Yêu Thứ 2 (Solo Piano Version),Nguyenn
KHÓC BLÓCK,Phùng Khánh Linh
vạn vật như muốn ta bên nhau,Rio
Thương Người Thương Người Khác,Myra Trần
like JENNIE,JENNIE
YELLOW,TREASURE
Sports car,Tate McRae
Sơn Thuỷ Khúc,Jun Phạm
CHỜ MỘT NGƯỜI,"RAP VIỆT, Gill, CAPTAIN BOY"
Whiplash,aespa
Klaxon,i-dle
Có Chi Đâu Mà Buồn,Phát Huy T4
Hôn Thật Lâu,Pháp Kiều
Bên Nhau Mình Là Nhà,Vũ Cát Tường
"(từng là) Boyfriend, Girlfriend",MIN
PINOCCHIO (feat. So!YoON!),"HxW, So!YoON!"
Bức Tranh Chưa Hoàn Thiện,Hustlang Robber
Gnx,Kendrick Lamar
Ice On My Teeth,ATEEZ
Nếu Em Cần,Trịnh Thăng Bình
VUI LÀ ĐƯỢC,"RAP VIỆT, Willistic, Gnob"
TRÌNH,HIEUTHUHAI
CHÂN THÀNH,"ANH TRAI SAY HI, RHYDER, CAPTAIN BOY, Quang Hùng MasterD, WEAN, Ali Hoàng Dương"
Ai Cho Anh Lương Thiện,Karik
Đừng Sai,NAM23
Nắng Lên Rồi,Nguyễn Hữu Kha
Tình Yêu?,"DLBlack, Mr.OK"
Iu Là Đây,"Sean, Muộii, Anfang"
THE REAL AURA,"EM XINH SAY HI, Bích Phương, Phương Ly, Tiên Tiên, Bảo Anh, Phương Mỹ Chi, Juky San, Orange, Lyly, 52Hz, Lâm Bảo Ngọc, Vũ Thảo My, Hoàng Duyên, Châu Bùi, Quỳnh Anh Shyn, Pháo, LAMOON, Ngô Lan Hương, Muộii, Han Sara, Liu Grace, DANMY, Saabirose, Ánh Sáng AZA, Đào Tử A1J, LyHan, Yeolan, Chi Xê, MAIQUINN, Miu Lê, Mỹ Mỹ"
Giảm Các Cảm Giác,Minh Đinh
Anh Đã Chờ Rất Lâu,Sixkie Dawgz
MONA LISA,J-Hope (BTS)
Love Is (Extended Version),"Dangrangto, Emily"
GỌI CHO ANH ĐI,"Andree Right Hand, WOKEUP"
BAO GIỜ EM BIẾT,"Chị Đẹp Đạp Gió Rẽ Sóng, Thu Phương, Diệp Lâm Anh, Huyền Baby, Giang Hồng Ngọc"
Under The Tree (From “that Christmas”),Ed Sheeran
đang yên đang lành (feat. maiki),marzuz
Còn Nhớ Là Còn Thương,"Will, Seachains"
Em Đứng Đây Từ Chiều,CHOCO TRÚC PHƯƠNG
thật quá đáng.. để yêu,"NICKY, AMEE"
WALK,"ANH TRAI SAY HI, HURRYKNG, HIEUTHUHAI, Negav, Pháp Kiều, Isaac"
Gót Hồng X Cao Gót,"Hồng Sơn, Duy Khánh ZhouZhou, Bùi Công Nam, S.T Sơn Thạch, Thiên Minh, Thanh Duy"
Give Me A Sign,Bryant Barnes
MY TYPE,LEE SEUNGHOON
LUNCH,Billie Eilish
Cục Sạc Dự Phòng,"Thu Minh, Trung Quân"
Vừa Đi Vừa Khóc,"GiGi Hương Giang, KayC"
XIN NGƯỜI CHỚ ĐỪNG (Remix Version),Đang Cập Nhật
Đoá Hoa Hồng / 红玫瑰 (Chengfeng 2023 Version),Chi Pu
Chưa Thấy Đâu,RPT TC
Bức Thư Tình,"B.O.F, Jun Phạm, Kay Trần, S.T Sơn Thạch, BB Trần, Bùi Công Nam, REDT"
sau đêm nay,"Phượng Vũ, Queen B"
End Of The World,Miley Cyrus
Như Đàn Ông,"CARA, Đồng Ánh Quỳnh, Hứa Kim Tuyền"
I'm Sorry,Lâm Bảo Ngọc
Dắt Anh Về Nhà,"Thoại Nghi, ICM, MHee"
CÁI ĐẸP,"tlinh, Pháo, Pháp Kiều"
Drones,Grandson
Beautiful That Way (From The Last Showgirl Original Motion Picture Soundtrack),Miley Cyrus
Nhan Sắc,"Chị Đẹp Đạp Gió Rẽ Sóng, Minh Hằng, Hoàng Yến Chibi, Thu Ngọc, Hậu Hoàng, WOKEUP"
BỐN MÙA PHÁT LỘC,"RAP VIỆT, Gill"
Nhất Bái Thiên Địa,"The Flob, CHIN"
Cherish (My Love),ILLIT
Mantra,JENNIE
"KIM PHÚT, KIM GIỜ","Isaac, Negav, HIEUTHUHAI, HURRYKNG, Pháp Kiều, ANH TRAI SAY HI"
Breath,Mỹ Mỹ
BAO LỜI CON CHƯA NÓI,"ANH TRAI SAY HI, Dương Domic, Anh Tú Atus, Song Luân, Quang Trung, Anh Tú"
Không Phẩy Tám Phần Trăm,Vương Anh Tú
2 4,W/n
Delilah,"Delilah, Thanh Duy"
Vườn Hoa Con Cá (Lofi),"Olew, Ngan, meChill"
Thấy Sai Sai,Rum
ĐÃ XINH LẠI CÒN THÔNG MINH,"EM XINH SAY HI, Bích Phương, Miu Lê, Phương Ly, Bảo Anh, Orange, Lyly, Hoàng Duyên, Chi Xê, Vũ Thảo My, Ngô Lan Hương, LAMOON, Quỳnh Anh Shyn, Saabirose, Liu Grace, Mỹ Mỹ"
Good Thing,i-dle
Chocolate,BAEKHYUN
this is what floating feels like,"JVKE, Tori Kelly"
That's What You Get,Anne-Marie
intro (end of the world) (extended) [Explicit],Ariana Grande
Em Muốn Tự Do,"Du Uyên, Thưởng"
Từ Bàn Tay Này,Phan Mạnh Quỳnh
lả lơi (Extended),"Dab, Dangrangto"
Dù Cho Tận Thế,ERIK
Fat Juicy & Wet,"Sexyy Red, Bruno Mars"
HER,MINNIE
Mình Đừng Quên Nhau (new Version),Anh Tú Atus
GIÀU NHẤT KHU PHÙ HOA,"JustaTee, Wxrdie, Gill, Dangrangto, Hustlang Robber"
Ngỏ Lời,Pay
LẠI LÀ DG HOUSE,"RAP VIỆT, CoolKid, RHYDER"
LET EM KNOW,"RAP VIỆT, Mason Nguyen"
TRAI HỌ VŨ,"RAP VIỆT, Gill, ICY FAMOU$"
Say Hi Never Say Goodbye,ANH TRAI SAY HI
GENE x CÓ KHÔNG GIỮ MẤT ĐỪNG TÌM,"Cường Seven, Jun Phạm, S.T Sơn Thạch, BB Trần, Tự Long, Bằng Kiều"
TUYẾT TRÊN PHỐ,"RAP VIỆT, Gill"
Đi Tìm Tình Yêu,"MONO, 2pillz"
Criminal,Orange
Giấc Ngủ Dài Hạn,Khiem
Bao Tiền Một Mớ Bình Yên?,"Đăng Khôi, Phan Đình Tùng, Neko Lê, Tăng Phúc, Kay Trần"
Chạng Vạng,Lãng
Chk Chk Boom,Stray Kids
Standing Next to You,Jung Kook (BTS)
AAA,"EM XINH SAY HI, Tiên Tiên, Phương Mỹ Chi, Juky San, Lâm Bảo Ngọc, 52Hz, Pháo, Han Sara, DANMY, Muộii, Ánh Sáng AZA, Đào Tử A1J, LyHan, MAIQUINN, Châu Bùi, Yeolan"
Đừng Phiền Anh (feat. Pháp Kiều),"Ali Hoàng Dương, Pháp Kiều"
tâm trí lang thang,"Ánh Sáng AZA, Negav"
không lời,Thiều Bảo Trâm
BIGTEAM BIGDREAM,"BIGTEAM All Stars, BigDaddy, Dangrangto, HURRYKNG, Pháp Kiều, Ogenus, Tez, gung0cay, Limitlxss, IndieK, Snoop Dee, 7dnight, Nhật Hoàng, V#, VCC Lefthand, $A Lil Van, An Roy $8386, Coldzy, Quân Lee"
Bluebird,Lana Del Rey
"Henry, come on",Lana Del Rey
Anh Không Hợp Với Yêu Đương (feat. Dani D),"Cao Trung Hiếu, Hast, Dani D"
Thích Quá Rùi Nà (Live at GENfest 24),"tlinh, Trung Trần"
Em Buồn Anh,"Haley, INUS, MANBO"
Có Đáng Để Yêu Thương?,"Đức Anh, Du Uyên"
Almond Chocolate,ILLIT
High Alone,Jackson Wang (Vương Gia Nhĩ)
Một Nơi Bé Nhỏ Nào Đó (Tet 2025 Movie “Bộ Tứ Báo Thủ” Original Soundtrack),Orange
Manifest,"hooligan., Dương Domic"
Mở Ngàn Lộc Vui,Da LAB
Vị Nhà,Đen
ĐẾN LÀ ĐÓN,"Tage, RHYDER, Lope Phạm"
Khổ Quá Thì Về Mẹ Nuôi,"Noo Phước Thịnh, Phát Huy T4"
Nơi Mình Dừng Chân,"Forest Studio, MIN, Bùi Công Nam"
ANH ĐÃ LÀM GÌ ĐÂU,"RAP VIỆT, Nhật Hoàng, Thuỳ Chi"
Sorry Babe,Mr.Siro
LƯỚT TRÊN CON SÓNG,"RAP VIỆT, Dangrangto"
CHỜ MỘT TIẾNG YÊU,"Chị Đẹp Đạp Gió Rẽ Sóng, Minh Tuyết, Jase"
CẦU VỒNG LẤP LÁNH,"Chị Đẹp Đạp Gió Rẽ Sóng, Dương Hoàng Yến, WOKEUP"
QUÁ LÀ TRÔI,"Binz, Rhymastic, Bùi Công Nam, Đỗ Hoàng Hiệp, Hà Lê"
CÓ EM VUI,"RAP VIỆT, Ngắn"
EM YÊU PUPPY,"RAP VIỆT, Young Puppy"
SAO HẠNG A,"ANH TRAI SAY HI, HIEUTHUHAI, Dương Domic, Song Luân, JSOL"
GỌI CHO ANH,"ANH TRAI SAY HI, Isaac"
Trái Đất Ôm Mặt Trời,"Quốc Thiên, Hà Lê, Binz, Đinh Tiến Đạt, Duy Khánh ZhouZhou"
Những Kẻ Mộng Mơ,"SOOBIN, Tiến Luật, Tuấn Hưng, Quốc Thiên, Rhymastic, Tự Long"
Night Fall,"MANBO, thrasherboiz"
Đùa Anh Đau Đấy,Noo Phước Thịnh
TO THE MOON,"KayC, Puppy, Machiot"
Real Queen (Stage Performance),"Delilah, Thanh Duy"
Bloom,"TWS, Ayumu Imazu"
LẤY CHỒNG ĐÀI LOAN,"Lăng LD, Ricky Star"
ON MY WAY,"GUrbane, M NAIVE"
Mộc Miên,"Chi Xê, The Flob"
Love Language,TXT (TOMORROW X TOGETHER)
Quên Rồi Khổ Đau Năm Ấy,"Vicky Nhung, Đông Thiên Đức"
maybe if,"Hoāng, OvalKid, 1Sebt"
Chẳng Cần Ngày Mai,"Trungg I.U, Star Online"
SỰ NGHIỆP CHƯỚNG,Pháo
Hoang Tưởng Đêm Khuya (Theme Song From Quỷ Nhập Tràng),Nguyễn Định
Em Say Anh Rồi Đấy,Võ Ê Vo
Be Like This,"CHICHA22, Kim Chi Sun, CHARLES."
ExtraL,"JENNIE, Doechii"
Trong Hẻm Nhỏ Có Anh Chờ,"Trung Quân, Bùi Anh Tuấn"
ĐỂ NHỮNG YÊU THƯƠNG VÀO TRONG ĐẦU,D.Kies
letting go,Mỹ Anh
Born Again,"LISA, Doja Cat, RAYE"
Thắp Sáng Nơi Em,"Hùng Huỳnh, Pháp Kiều, Đức Phúc, CAPTAIN BOY, Hải Đăng Doo, Vũ Phụng Tiên, DANMY, Lyly, Juky San"
Ngây Ngô,"Forest Studio, Lâm Bảo Ngọc"
Cứu Lấy Âm Nhạc,"Wren Evans, Itsnk"
ĐẬM ĐÀ,"Tóc Tiên, Chị Đẹp Đạp Gió Rẽ Sóng"
"Dum, Dumb, And Dumber","Lil Baby, Young Thug, Future"
EM ĐAU,"Phùng Khánh Linh, Thành Luke"
"Em Ơi, Anh Nhớ Nhà",SOOBIN
Bê Trap,Trang Pháp
I'm Your Christmas Present,Han Sara
Vì Điều Gì,"buitruonglinh, Dangrangto, Minsicko"
SĂN,"RAP VIỆT, Suboi, Saabirose"
1TINHYEU,"RAP VIỆT, Hustlang Robber"
Ối Dồi Ôi,"SimonC, UMIE"
GOOD GIRL,Trang Pháp
Từ Đây Từ Nay,Tăng Phúc
Ômm,Tiên Cookie
SHH! CHỈ TA BIẾT THÔI,"Chị Đẹp Đạp Gió Rẽ Sóng, Ngọc Phước, Hino"
NẮNG,"RAP VIỆT, CoolKid"
BA ƠI,"RAP VIỆT, Hustlang Robber"
ĐỪNG GHEN,"RAP VIỆT, Mason Nguyen"
Buộc Vào Cơn Gió,Vy Vy
Bầu Trời Mới,"Da LAB, Minh Tốc & Lam"
TẠI SAO VẬY?,"RAP VIỆT, Shayda"
Spot A Fake,Ava Max
NGẠO NGHỄ,"ANH TRAI SAY HI, Anh Tú Atus, Isaac, RHYDER, HURRYKNG"
ANH BIẾT RỒI,"RHYDER, ANH TRAI SAY HI"
con tim anh ngung khoc roi,"Hoàng KayLee, Dilo"
Đa Nghi,Ogenus
Giai Điệu Việt Nam Mình,"Tuấn Cry, Masew"
Let Me Feel Your Love Tonight,"Kay Trần, Liên Bỉnh Phát, Thiên Minh, BB Trần, S.T Sơn Thạch"
Buông,"Bằng Kiều, Trương Thế Vinh, Phạm Khánh Hưng, Đỗ Hoàng Hiệp, Phan Đình Tùng"
NGƯỜI TÌNH CỦA NẮNG,"ANH TRAI SAY HI, Anh Tú, CAPTAIN BOY, Hải Đăng Doo, Vũ Thịnh, Lyly"
LAST PARADE,BamBam
Chợt Nghe Bước Em Về,"Tự Long, Cường Seven, Quốc Thiên, SOOBIN, Rhymastic, Đinh Tiến Đạt"
Who,Jimin (BTS)
DON'T CARE,"ANH TRAI SAY HI, Isaac, Quang Hùng MasterD, Negav, Gin Tuấn Kiệt, Vũ Thịnh, Nanon (Korapat Kirdpan)"
FRIENDSHIP,Đen
Khóa Ly Biệt,"The Masked Singer, Voi Bản Đôn"
Shawty Ở Trong Nam,"prettyXIX, VCC Left Hand, 2pillz"
Có Ai Hẹn Hò Cùng Em Chưa,Quân A.P
Thành Phố Chứa Những Người Dưng Cô Đơn,"iMAZE, ngtrinh"
Sapphire,Ed Sheeran
không lời (Duet),"Thiều Bảo Trâm, Miu Lê"
Bỏ cả thế giới để yêu em,Hoàng Tử Drill
Thở,"Thể Thiên, tlinh, antransax, Pixel Neko"
Priceless,"Maroon 5, LISA"
Vấn Vương,buitruonglinh
"gentle, baby","Mỹ Anh, g0nny"
Azizam,Ed Sheeran
ESCAPE (Bang Chan & Hyunjin),Stray Kids
Nhớ Anh Khi Chưa Tạm Biệt,Thảo Trang
Vanish Into You,Lady Gaga
LV Bag (feat. j,"hope of BTS & Pharrell Williams) - Don Toliver, Speedy"
Nhà Còn Thương Em Mà (Theme Song From Nhà Gia Tiên),Phương Mỹ Chi
Đến Lúc Thay Đổi Rồi,"Trung Quân, Bùi Anh Tuấn"
Rebellion,"R3HAB, Michael Patrick Kelly, Shaggy"
Love Hangover,"JENNIE, Dominic Fike"
Nỗi Buồn Em Đánh Rơi (Soundtrack from Nụ Hôn Bạc Tỷ The Movie),Trà My
Yêu Phải Như Vậy,"Noo Phước Thịnh, Làn Sóng Xanh, Châu Đăng Khoa"
"Người Việt (feat. CHARLES., KIMLONG, Duy Sơn & Triple D)","SOOBIN, Hà Lê, Lil Wuyn, 16 Typh, KIMLONG"
PHONG NỮ,"CÔ ĐÔI THƯỢNG NGÀN - Kiều Anh, Chị Đẹp Đạp Gió Rẽ Sóng"
Mama Told Me Not To Come,ĐINH HƯƠNG
Quăng Hết Đi,"XYNTRA, Diệu Nhi, Hậu Hoàng, Dương Hoàng Yến"
Season of Memories,GFRIEND
OK,Katy Perry
Nỗi Đau Đính Kèm,"Anh Tú Atus, RHYDER"
NÓI LÀ LÀM,"RAP VIỆT, Karik, DANMY, Mason Nguyen"
LÀN ƯU TIÊN,"Quang Hùng MasterD, JSOL, HURRYKNG, Dương Domic, MOPIUS"
BÉ BIẾT ANH MUỐN GÌ,UMIE
What Would You Do,Wonho
34567,Will
Anh Bờ Vai,VƯƠNG BÌNH
Sau Lưng Bố,Jun Phạm
Đi Giữa Trời Rực Rỡ (Acoustic Version),Ngô Lan Hương
HOW TO LOVE YOU,"Chị Đẹp Đạp Gió Rẽ Sóng, Tuimi"
ĐÂU PHẢI VỢ ANH,"RAP VIỆT, Dangrangto"
RĂNG HAY RỨA HÈ,"RAP VIỆT, Saabirose"
Ước Nguyện,Kha
Ý Em Là,Chi Xê
RƠI,"Trương Thế Vinh, BB Trần, S.T Sơn Thạch, Kay Trần, (S)TRONG, Jun Phạm"
Chỉ Cần Có Nhau,Vũ Cát Tường
ANH EM GỌI LÀ CÓ MẶT NGAY,ANH TRAI SAY HI
TÌNH CUỐI CÙNG,"ANH TRAI SAY HI, JSOL"
Mình Anh Thôi,Negav
Dạ Cổ Hoài Lang (feat. Hữu Quốc),"Trương Thế Vinh, Bằng Kiều, Phan Đình Tùng, Duy Nhất, Đỗ Hoàng Hiệp, Phạm Khánh Hưng"
Triệu Lý Do,"Trương Thế Vinh, Đỗ Hoàng Hiệp, Duy Nhất, Hồng Sơn, Phạm Khánh Hưng"
Giả Vờ,"DuongG, DiepGiaHuy"
Nếu Một Mai Tôi Bay Lên Trời,"Jun Phạm, Phạm Khánh Hưng, Đỗ Hoàng Hiệp, Thành Trung"
I'M THINKING ABOUT YOU,"ANH TRAI SAY HI, RHYDER, WEAN, Đức Phúc, Gemini Hùng Huỳnh, tlinh"
REGRET,"ANH TRAI SAY HI, Quân A.P, Pháp Kiều, Quang Trung, Ali Hoàng Dương, Lâm Bảo Ngọc"
Dẫu Có Lỗi Lầm,"Bằng Kiều, Binz, Bùi Công Nam, Duy Khánh ZhouZhou, Thanh Duy, Thiên Minh"
Dắt em đi khỏi đây,Quân A.P
YOU HAD ME AT HELLO,"Phạm Đình Thái Ngân, Lou Hoàng, Gin Tuấn Kiệt, Hải Đăng Doo, ANH TRAI SAY HI"
There Goes My Baby,d4vd
Ai Mà Biết Được,"SOOBIN, tlinh"
DOC,Pháp Kiều
Chị Em Mình Trên Tivi,VibeQueens
Please Please Please,Sabrina Carpenter
Soñar (Breaker),NMIXX
Đặt Vị Trí Cho Nhau Được Không?,KayZ
11:11 (11 Giờ 11 Phút) (Cukak Remix),"MiiNa (DREAMeR), RIN9, DREAMeR"
Bad Desire (With or Without You),ENHYPEN
THUNDER,SEVENTEEN
Don’t Say You Love Me,Jin (BTS)
Waiting For You,"MONO, Onionn"
Messy (From F1® The Movie),ROSÉ
01 Ngoại Lệ,Jack - J97
"Sorry, Anh Mất Em Rồi!","Ogenus, Orange"
Loose,ENHYPEN
Too Late,"MiQ, Dusky, Catchellers"
Nước Mắt Cá Sấu,HIEUTHUHAI
The One For Me,"KayC, VSTRA, Machiot"
Younger And Hotter Than Me,"Selena Gomez, benny blanco"
Thất Tình,"Forest Studio, Anh Tú"
Sai Từ Đầu,"Ali Hoàng Dương, Đậu Tất Đạt"
Call Me When You Break Up,"Selena Gomez, benny blanco, Gracie Abrams"
Lần Đầu Tiên,"Emcee L, Muộii"
I Do,"Trung Quân, Bùi Anh Tuấn"
Busy Woman,Sabrina Carpenter
Wanna Hear You Say (Vie),"Hoàng Mỹ An, Samuel"
ATTITUDE,IVE
KHI MÀN ĐÊM RỰC SÁNG,"Mỹ Linh, Thu Phương, Minh Hằng, Tóc Tiên, Đồng Ánh Quỳnh, Ái Phương, Minh Tuyết, Bùi Lan Hương, Tuimi, Xuân Nghi, Gil Lê, Hậu Hoàng, MisThy, Vũ Ngọc Anh, Ngọc Phước, Ngọc Thanh Tâm, Phạm Quỳnh Anh, Thu Ngọc, Kiều Anh, Thiều Bảo Trâm, Dương Hoàng Yến, Hạnh Sino, Thảo Trang, Phương Thanh, DJ Mie, Hoàng Yến Chibi, Ngọc Ánh, Maitinhvi"
MASHUP: INH LẢ ƠI x ĐỈNH NÓC KỊCH TRẦN,"Chị Đẹp Đạp Gió Rẽ Sóng, Tuimi, Kiều Anh, Xuân Nghi, Thiều Bảo Trâm, Phương Thanh, Ngọc Thanh Tâm"
Chuyện Cũ Bỏ Qua 2025,Trúc Nhân
CBZ (Prime time),BSS
IN THE DARK,"Chị Đẹp Đạp Gió Rẽ Sóng, Hoàng Yến Chibi, Thảo Trang, Ngọc Phước"
Ánh Trăng Tan,Hà Anh Tuấn
Out Of Body,"TGSN, VSTRA, tlinh"
toxic till the end,ROSÉ
ngày mùa đông,Chillies
ANH TRAI HIP HOP,"RAP VIỆT, B Ray, Hustlang Robber, Gill"
Duyên Kiếp Cầm Ca,Binz
TALAGI,"Kidsai, Dangrangto, WHENITSASUNNIDAY"
DRIP,BABYMONSTER
Cho Em Phiêu,Đạt Long Vinh
Waste Time,"Chi Pu, GAVIN:D"
MƯA PHI TRƯỜNG,"OUR SONG VIETNAM, Vũ Thảo My, WEAN"
Đỏ Quên Đi,"Đinh Tiến Đạt, Binz, Tiến Luật, Liên Bỉnh Phát, Bùi Công Nam, Rhymastic, Hà Lê, Thiên Minh, Tăng Phúc, Quốc Thiên, Thanh Duy, Duy Khánh ZhouZhou, Đỗ Hoàng Hiệp"
A New Harley Quinn,LyHan
Ta Đã Vất Vả Rồi Mà,"14 Casper, Bon Nghiêm"
Nếu Những Tiếc Nuối,Vũ.
Không Phẩy Tám Phần Trăm,"Vương Anh Tú, Lâm Bảo Ngọc"
TÌNH ĐẦU QUÁ CHÉN,"ANH TRAI SAY HI, Quang Hùng MasterD, Negav, Pháp Kiều, ERIK"
AIRPLANE MODE,"ANH TRAI SAY HI, HURRYKNG, WEAN, antransax"
ĐÓA HỒNG CHƠI VƠI,"ANH TRAI SAY HI, Anh Tú"
KIM TỰ THÁP,"ANH TRAI SAY HI, CAPTAIN BOY"
CHÀNG KHỜ THUỶ CUNG,"ANH TRAI SAY HI, Negav, GREY D"
Đào Liễu (feat. NSND Thu Huyền),"Đinh Tiến Đạt, Tiến Luật, Rhymastic, Quốc Thiên, Binz, Duy Khánh ZhouZhou"
Đường Xa Ướt Mưa X Đừng Qua Lối Đó,"Jun Phạm, Cường Seven, Thanh Duy, Tự Long, SOOBIN"
ANH TRAI NƯỚC VIỆT,"ANH TRAI SAY HI, ERIK, Đức Phúc, Quân A.P, JSOL, Gemini Hùng Huỳnh"
Roses,JAEHYUN (NCT 127)
Nhân vật chính,Rich Choi
NGÁO NGƠ,"ANH TRAI SAY HI, HIEUTHUHAI, ERIK, Anh Tú Atus, JSOL, Orange"
Tình Yêu Ngủ Quên,"Jun Phạm, Trương Thế Vinh, Kiên Ứng, Hà Lê, BB Trần, HuyR"
trở thành quá khứ,T.R.I
Một Lần Dang Dở x Đi Qua Cầu Vồng,"Thành Trung, Quốc Thiên, Hà Lê, Kiên Ứng, Đỗ Hoàng Hiệp"
Dịu Dàng Đến Từng Phút Giây x Bước Đến Bên Em,"Phan Đình Tùng, Đăng Khôi, Tăng Phúc, Neko Lê, Kay Trần"
YOU,"Quang Trung, Song Luân, Anh Tú Atus, CAPTAIN BOY, ANH TRAI SAY HI"
Say,keshi
THI SĨ,"ANH TRAI SAY HI, Đức Phúc, ERIK, Phạm Anh Duy, Tage"
Rockstar,LISA
Nhật Ký Vào Đời,"Karik, Thai VG"
I.C.O.N,"ANH TRAI SAY HI, Isaac, HIEUTHUHAI, Đức Phúc, Quân A.P, Quang Hùng MasterD, Lou Hoàng, Pháp Kiều, WEAN, Negav, Hải Đăng Doo, Gin Tuấn Kiệt, Ali Hoàng Dương, NICKY, Vũ Thịnh, Công Dương"
Xoay Một Vòng,"HIEUTHUHAI, Phương Ly"
Let Me Calm Down,"Nicki Minaj, J. Cole"
Một Người Đánh Mất Một Người,Olew
Em Này,"Gin Tuấn Kiệt, Puka"
Như Giấc Mơ Dài (Original Soundtrack From Thạch Sanh Lý Thanh),Uyên Linh
Tình Yêu Như Định Mệnh,Maya
Những Câu Hỏi Khi Say,"Bảo Uyên, Trung Quân, DREAMeR"
Điều Ước Giản Đơn,"Tăng Phúc, Nguyễn Hồng Thuận"
Hỏng Loa,Đang Cập Nhật
Tình Yêu Diệu Kỳ,"MAIQUINN, Nguyễn Hồng Thuận"
Vũ Trụ Cò Bay,"Phương Mỹ Chi, DTAP"
Get Me,KIM KUNNI
Nhìn Lại,anphonggg
Alive,"Thu Minh, Thảo Trang"
Missing You,Lyly
Ngả Ngả Nghiêng,Trungg I.U
Ở Trong Em,"Droppy, Nhật Nguyễn, Hổ"
Be My Girl,"Thu Minh, ERIK"
Hóa Đơn Tiền Điện,"Thu Minh, Hoàng Dũng"
Kết Thúc Khi Chưa Bắt Đầu,Thu Thủy
Giấc Mơ Của Em,"MYLINA, fueled by boba"
Một Ngày Mãi Mãi,"TRANG, Tùng"
Nhạc Chơi,The Flob
good4us,SIVAN
U OH U OH,NAM23
Ăn Chốt,"gung0cay, RHYDER, WOKEUP"
EZ,"Saabirose, 7dnight, VCC Left Hand, Pixel Neko"
Elevator,BAEKHYUN
Tịnh Như Phiến Đá,"Hồ Quang Hiếu, Huỳnh Văn"
Ghét mà Ghiền,"WEAN, Orange"
Kỵ Sĩ Và Ánh Sao,Đông Nhi
Nameless Days,imase
Mặt Trời Trong Bóng Tối (Theme Song From Địa Đạo),"NSƯT Cao Minh, LAMOON, Hứa Kim Tuyền"
Ôm Em Thật Lâu,MONO
Đừng Như Thói Quen,"Host Nguyên Khang, Ôn Vĩnh Quang, Minh Tuyết"
HOT,LE SSERAFIM
I'm Fine Without You Here,"Dani D, Hast"
Chương Mới (Original Soundtrack from Đu Đêm 3),"Nguyễn Thúc Thùy Tiên, WEAN"
Miss possessive (Explicit),Tate McRae
"Ngày Này, Người Con Gái Này",Vũ Cát Tường
ai sẽ chữa lành tổn thương,Dab
Hugs & Kisses,JISOO
Chăm Em Một Đời,Đức Phúc
Abracadabra,Lady Gaga
Một,Không (1-0) - Đông Nhi
MỘT NGÀY HAY TRĂM NĂM,"Chị Đẹp Đạp Gió Rẽ Sóng, Bùi Lan Hương, Minh Hằng, Phạm Quỳnh Anh, Dương Hoàng Yến"
Còn Lại Gì,Hngle
VIỆT NAM TÔI ĐÓ,"SOOBIN, Vũ Cát Tường, Lil Wuyn"
TỪ CHỐI NHẸ NHÀNG THÔI,"Chị Đẹp Đạp Gió Rẽ Sóng, Bùi Lan Hương, MisThy, Minh Hằng, Phạm Quỳnh Anh, Dương Hoàng Yến"
Tết Vỗ Về,"Đông Nhi, Bùi Công Nam, Jun Phạm"
Thờ ơ với HURRYKNG,"WEAN, HURRYKNG"
Khát Vọng Là Người Việt,"ANH TRAI SAY HI, Đức Phúc, ERIK, Anh Tú Atus, Anh Tú, Phạm Đình Thái Ngân, Ali Hoàng Dương, Phạm Anh Duy, CAPTAIN BOY, Quân A.P, Dương Domic"
HUSTLANG ALL DAY,"RAP VIỆT, Hustlang Robber"
CẦU DUYÊN,"Chị Đẹp Đạp Gió Rẽ Sóng, Bùi Lan Hương, Đồng Ánh Quỳnh, Maitinhvi, Thảo Trang, MisThy, Hậu Hoàng"
